249782331 267198390 250.60437171721196
249782331 1869716862 82.68404278106239
249782337 10246421063 121.71117762074994
249782337 1191294765 104.8511132057822
249782343 6646336237 55.593937740428196
249782349 249782343 246.8405040786956
249782349 249783308 74.12925795681532
249783257 267198390 86.60206406718524
249783257 1869716916 91.35935065060723
249783291 5681450581 115.25520065954179
249783293 249782337 88.96271196826423
249783293 267198388 132.0141013089774
249783302 1762977534 28.26598921211061
249783302 9857860395 70.63394642841213
249783308 345265121 16.567436101138288
249783308 1869716959 645.5496501860414
249783313 249783316 100.48862344286765
249783316 267198392 90.36094476971304
249783316 5681296953 159.8883977139281
249783316 6437668039 153.68525950891456
249783316 6437668039 153.68525950891456
6437668039 249783316 153.68525950891456
6437668039 938372523 93.58433739342028
6437668039 938372523 93.58433739342028
6437668039 13927682234 73.32297297609196
6437668039 249783316 153.68525950891456
6437668039 13927682234 73.32297297609196
249786848 5681450598 11.974816303463594
249786848 5792664581 631.0777267710284
249786894 1309626396 29.22040945573937
249786895 6702715249 183.22161872460373
249786895 249786894 19.49684983285521
249786899 249786900 24.80969838335359
249786899 267251590 306.60479862412507
249786900 5487856796 6.357387648687583
249791934 6742341898 8.954309073189187
249791934 5792664486 140.59957621796863
267196314 6666317460 8.971744860231038
267196314 6666317458 118.03746293220249
267196314 6666317460 8.971744860231038
6666317460 267196314 8.971744860231038
6666317460 267196314 8.971744860231038
267196320 267196337 71.6625129758754
267196320 6702715319 10.303468021468356
267196320 6702715318 33.51715869769209
267196320 267196337 71.6625129758754
267196320 6702715319 10.303468021468356
267196337 267196320 71.6625129758754
267196337 267196320 71.6625129758754
267196337 6436172961 62.83957156455298
267196337 267251574 281.3567344596513
267196337 5681450592 265.76704151708407
267196337 267251574 281.3567344596513
267196337 5681450592 265.76704151708407
267196337 6436172961 62.83957156455298
6702715319 267196320 10.303468021468356
6702715319 267196336 81.29936071771832
6702715319 267196320 10.303468021468356
6702715319 6702715320 24.27664880511158
6702715319 267196336 81.29936071771832
267196336 267196340 487.164230154639
267196336 1309626422 380.0517858354051
267196336 6702715319 81.29936071771832
267196336 6702715205 330.3786688302475
267196336 267196340 487.164230154639
267196336 1309626422 380.0517858354051
267196336 6702715205 330.3786688302475
267196336 6702715319 81.29936071771832
267196340 267196336 487.164230154639
267196340 267196336 487.164230154639
1309626422 267196336 380.0517858354051
1309626422 1309626423 7.74252309920623
1309626422 267196336 380.0517858354051
1309626422 6702715314 85.28246075435496
1309626422 1309626423 7.74252309920623
6702715205 267196336 330.3786688302475
6702715205 267196336 330.3786688302475
6702715205 6702715212 19.438675352370147
6436172961 267196337 62.83957156455298
6436172961 267251585 202.0652461132163
6436172961 267251585 202.0652461132163
6436172961 267196337 62.83957156455298
6436172961 6436172963 129.65464854212874
6436172961 6436172963 129.65464854212874
267251574 267196337 281.3567344596513
267251574 267251575 40.289702480741944
267251574 267196337 281.3567344596513
267251574 5434484033 261.7308157699523
267251574 267251575 40.289702480741944
267251574 5434484033 261.73081576995224
5681450592 267196337 265.76704151708407
5681450592 267196337 265.76704151708407
5681450592 5681450598 97.36933253809825
267197815 1309626391 27.400470620478835
267197828 6153253306 8.071380129420024
267197828 267197829 115.88604203808916
267197829 6153253304 8.206197830403777
267197829 267197830 547.7369337511118
267197829 6153249679 270.79603042503726
267197829 267197830 547.7369337511119
267197829 6153253304 8.206197830403777
6153253304 267197829 8.206197830403777
6153253304 267197829 8.206197830403777
6153253304 6153253306 118.33326948713989
267197830 267197829 547.7369337511118
267197830 267197829 547.7369337511119
267197830 1309626400 64.83347185622755
267197831 267251588 85.64574547093378
267197831 3743678685 93.10936032599187
267197831 1309626423 461.39658952647636
267197831 267251588 85.64574547093378
267197831 1309626423 461.39658952647636
267197831 3743678685 93.10936032599187
267251588 267197831 85.64574547093378
267251588 267197831 85.64574547093378
267251588 267251594 127.29187357091874
267251588 8475062198 61.101342523646395
267251588 9221708422 389.4041480185783
267251588 267251594 127.29187357091874
267251588 8475062198 61.101342523646395
267251588 9221708422 389.4041480185783
3743678685 267197831 93.10936032599187
3743678685 971653360 465.0591117059226
3743678685 13593228370 94.8965830811333
3743678685 267197831 93.10936032599187
3743678685 971653360 465.05911170592253
3743678685 13593228370 94.8965830811333
1309626423 267197831 461.39658952647636
1309626423 1309626422 7.74252309920623
1309626423 1309626422 7.74252309920623
1309626423 971653360 90.86886745056984
1309626423 267197831 461.39658952647636
267198388 3947529835 31.60724305838148
267198388 12816056487 44.62182196121512
267198390 1869716945 121.39825609770367
267198390 1869716906 110.57662057679798
267198392 249782349 248.12134671730905
267198392 267198394 109.1014799613936
267198394 939091095 64.79020597199299
267247451 9874317357 159.07795969267335
267247451 267247452 32.687489838330634
267247451 267247452 32.687489838330634
267247451 9874317357 159.07795969267335
9874317357 267247451 159.07795969267335
9874317357 9179112452 9.818518479291159
9874317357 9179112452 9.818518479291159
9874317357 13371424373 205.70631385183106
9874317357 267247451 159.07795969267335
9874317357 13371424373 205.70631385183106
267247452 267247451 32.687489838330634
267247452 267247462 140.1766231435786
267247452 267247454 128.48098431403554
267247452 267247451 32.687489838330634
267247452 267247454 128.48098431403554
267247452 267247462 140.1766231435786
267247462 267247452 140.1766231435786
267247462 267247452 140.1766231435786
267247462 9857987460 129.36334185370924
267247462 9179112452 68.6775134848958
267247462 9179112452 68.6775134848958
267247462 9857987460 129.36334185370924
267247454 267247452 128.48098431403554
267247454 9857987460 133.7755899231859
267247454 267247456 70.44303750511435
267247454 267247452 128.48098431403554
267247454 267247456 70.44303750511435
267247454 9857987460 133.7755899231859
9857987460 267247454 133.7755899231859
9857987460 267247462 129.36334185370924
9857987460 267247462 129.36334185370924
9857987460 10239800530 81.68758389179013
9857987460 267247454 133.7755899231859
9857987460 10239800530 81.68758389179013
267247456 267247454 70.44303750511435
267247456 267247460 127.45202401772397
267247456 2946891544 337.33390556661953
267247456 267247454 70.44303750511435
267247456 267247460 127.452024017724
267247456 2946891544 337.33390556661953
267247460 267247456 127.45202401772397
267247460 267247456 127.452024017724
267247460 939091123 56.843152940647535
2946891544 267247456 337.33390556661953
2946891544 267247456 337.33390556661953
2946891544 883993784 250.62938072098632
9179112452 267247462 68.6775134848958
9179112452 883993784 160.66277220394778
9179112452 9874317357 9.818518479291159
9179112452 883993784 160.6627722039478
9179112452 267247462 68.6775134848958
9179112452 9874317357 9.818518479291159
267247464 9579967710 151.61423033996442
267247464 12836557589 60.15973500872383
267247464 12836557589 60.15973500872383
12836557589 267247464 60.15973500872383
12836557589 267247468 173.3373985015855
12836557589 12836557588 43.3731977442105
12836557589 267247468 173.33739850158548
12836557589 267247464 60.15973500872383
12836557589 12836557588 43.3731977442105
267247468 267247451 72.07448684962762
267247468 12836557589 173.3373985015855
267247468 12836557589 173.33739850158548
267249900 267249902 30.52992132438943
267249902 14001945383 115.35626282535554
267249902 267249903 35.74696776237184
267249903 267249905 28.33020206139493
267249905 9794237549 107.12144660341917
267249905 1271972179 55.284747326878175
267249911 267249912 22.468938866390587
267249911 11301690340 155.7061235207667
267249912 267249914 44.93383752730441
267249914 9186342839 220.7831659836441
267249914 267249915 40.71974724944833
267249915 5485189721 32.19817088272686
267249920 5484083380 39.90789543950588
267249923 267249926 42.93798792551061
267249926 10264334421 386.9742793956
267249926 267249927 34.62237484634452
267249927 267249930 37.56355312562415
267249930 6213742115 82.26228397103128
267249930 3742418073 35.66392100275844
267249954 267249955 13.755805248683686
267249955 6213742119 189.32076578974824
267249955 3742418068 33.29532610144324
267249959 267251016 20.98893586920435
267249959 267249960 15.580252781141816
267249960 5977448434 17.03296058492174
267249963 267249964 17.71062807003242
267249964 3742418043 273.30013218412483
267249964 3742418047 20.384239610696298
267249967 10264328244 34.21646383481746
267249967 10264318164 185.4415846981754
267249967 10264318164 185.4415846981754
10264318164 267249967 185.4415846981754
10264318164 10264384056 17.883313099407523
10264318164 10264318165 58.453815102209575
10264318164 267249967 185.4415846981754
10264318164 10264318165 58.453815102209575
10264318164 10264384056 17.883313099407523
267250973 5434483918 73.2947692554306
267250973 6649221978 109.47716981839315
267250973 6649221978 109.47716981839316
6649221978 267250973 109.47716981839315
6649221978 6649221979 106.98454302767223
6649221978 6649221980 169.27673158089573
6649221978 267250973 109.47716981839316
6649221978 6649221979 106.98454302767222
6649221978 6649221980 169.27673158089573
267250978 6637358436 32.28683807268704
267250978 5434484052 11.144688877736048
267250981 5681450605 10.653440006525626
267250981 5792664578 15.86456641210506
267250993 5682466820 80.0966834865757
267250994 5434483896 11.421515474717461
267250994 267250993 31.165024540518527
267250995 4083435341 34.23296068929015
267250995 9212682340 53.123277426672445
267250999 5487506617 138.9439005982855
267250999 9794183553 359.36666905156727
267250999 267251006 151.713716745936
267250999 267251006 151.713716745936
267250999 5487506617 138.9439005982855
267250999 9794183553 359.3666690515672
5487506617 267250999 138.9439005982855
5487506617 267250999 138.9439005982855
5487506617 267249923 211.93816801902756
9794183553 267250999 359.36666905156727
9794183553 267250999 359.3666690515672
9794183553 267250995 37.12444730872966
267251006 267250999 151.713716745936
267251006 10264290717 53.69216078284162
267251006 10264219701 31.680740808729762
267251006 267250999 151.713716745936
267251006 10264219701 31.680740808729762
267251006 10264290717 53.69216078284162
267251003 5799521561 46.74376151369776
267251003 10264290723 158.66467131963506
267251003 13439866813 231.00321701761942
267251003 5799521445 305.4320473364474
267251003 5799521445 305.4320473364474
267251003 5799521561 46.74376151369776
267251003 10264290723 158.6646713196351
267251003 13439866813 231.00321701761942
5799521561 267251003 46.74376151369776
5799521561 267251003 46.74376151369776
5799521561 10991487930 77.65532205351445
5799521561 5799521565 420.2426353586808
5799521561 5799521565 420.2426353586808
5799521561 10991487930 77.65532205351447
10264290723 267251003 158.66467131963506
10264290723 10264290717 66.616345912251
10264290723 10264290717 66.61634591225099
10264290723 267251003 158.6646713196351
10264290723 10264290726 53.6921956961542
10264290723 10264290726 53.6921956961542
13439866813 267251003 231.00321701761942
13439866813 5799521445 72.12792806737735
13439866813 10230413737 106.10086921747505
13439866813 10230413737 106.10086921747505
13439866813 267251003 231.00321701761942
13439866813 5799521445 72.12792806737735
5799521445 267251003 305.4320473364474
5799521445 6436650499 67.08245331803609
5799521445 13439866813 72.12792806737735
5799521445 267251003 305.4320473364474
5799521445 6436650499 67.08245331803607
5799521445 13439866813 72.12792806737735
10264290717 267251006 53.69216078284162
10264290717 267251006 53.69216078284162
10264290717 10264290718 26.5238276271348
10264290717 10264290723 66.616345912251
10264290717 10264290718 26.5238276271348
10264290717 10264290723 66.61634591225099
10264219701 267251006 31.680740808729762
10264219701 267251006 31.680740808729762
10264219701 10264255660 26.462043025305412
10264219701 10264290719 76.80838567638322
10264219701 10264255660 26.462043025305412
10264219701 10264290719 76.80838567638324
267251007 3661513065 201.05105832654627
267251007 10264255649 57.22325705702617
267251007 10264255649 57.223257057026174
10264255649 267251007 57.22325705702617
10264255649 10264255651 26.740199833479007
10264255649 10264255650 33.234909391965786
10264255649 267251007 57.223257057026174
10264255649 10264255650 33.234909391965786
10264255649 10264255651 26.740199833479007
267251016 267249960 22.82262751815312
267251016 5682467523 450.0245495924378
267251016 5682467523 450.0245495924377
5682467523 267251016 450.0245495924378
5682467523 5682466820 8.83063502551774
5682467523 5682466820 8.83063502551774
5682467523 267251016 450.0245495924377
5682467523 5682466818 64.16541561449561
267251573 1309626431 8.729341496214104
267251573 267251585 110.69756342947926
267251573 11655342595 62.92163723002576
267251573 267251585 110.69756342947926
267251573 1309626431 8.729341496214104
1309626431 267251573 8.729341496214104
1309626431 267251573 8.729341496214104
1309626431 1309626425 71.19906421897562
267251585 267251573 110.69756342947926
267251585 6436172961 202.0652461132163
267251585 9179109945 52.084594807945315
267251585 267251573 110.69756342947926
267251585 6436172961 202.0652461132163
267251585 9179109945 52.084594807945315
267251575 267251574 40.289702480741944
267251575 267251574 40.289702480741944
267251575 267251581 138.44005678805246
267251575 9195136047 132.22329762530336
267251575 267251581 138.4400567880525
267251575 9195136047 132.22329762530336
5434484033 267251574 261.7308157699523
5434484033 267251574 261.73081576995224
5434484033 5434484027 106.23147703565033
267251581 267251575 138.44005678805246
267251581 267251584 122.23489138480205
267251581 6436172963 105.08178718620303
267251581 267251575 138.4400567880525
267251581 267251584 122.23489138480205
267251581 6436172963 105.08178718620303
9195136047 267251575 132.22329762530336
9195136047 9195108424 45.56099517996648
9195136047 267251575 132.22329762530336
267251576 5434484032 14.533197442710682
267251576 6436532340 46.97277684369469
267251576 5434484032 14.533197442710682
5434484032 267251576 14.533197442710682
5434484032 9195108424 11.97606289889048
5434484032 267251576 14.533197442710682
5434484032 5434484033 83.06830638754913
5434484032 9195108424 11.97606289889048
267251584 267251581 122.23489138480205
267251584 9179109945 106.16276853210778
267251584 267251581 122.23489138480205
267251584 5434484044 238.87604964196507
267251584 1309626441 108.32122035207746
267251584 1309626441 108.32122035207746
267251584 5434484044 238.87604964196507
267251584 9179109945 106.16276853210778
6436172963 267251581 105.08178718620303
6436172963 6436172961 129.65464854212874
6436172963 9179109945 121.6915259779996
6436172963 6436172961 129.65464854212874
6436172963 267251581 105.08178718620303
6436172963 9179109945 121.6915259779996
9179109945 267251584 106.16276853210778
9179109945 267251585 52.084594807945315
9179109945 6436172963 121.6915259779996
9179109945 267251585 52.084594807945315
9179109945 267251584 106.16276853210778
9179109945 6436172963 121.6915259779996
5434484044 267251584 238.87604964196507
5434484044 267251584 238.87604964196507
5434484044 5434484032 58.47369095361378
1309626441 267251584 108.32122035207746
1309626441 9195140172 156.4384985605063
1309626441 1309626442 10.59093494634999
1309626441 267251584 108.32122035207746
1309626441 1309626442 10.59093494634999
267251594 267251588 127.29187357091874
267251594 267251592 37.57373442611372
267251594 267251588 127.29187357091874
267251594 267251592 37.57373442611372
267251594 1309626438 468.0513613920533
267251594 1309626438 468.0513613920533
8475062198 267251588 61.101342523646395
8475062198 6702715300 140.5479364433658
8475062198 267251588 61.101342523646395
9221708422 267251588 389.4041480185783
9221708422 6702715313 75.19313547421275
9221708422 267251588 389.4041480185783
267251590 5434484025 249.1613712994884
267251590 9872727150 5.6677651101140105
267251590 9872727150 5.6677651101140105
9872727150 267251590 5.6677651101140105
9872727150 267251591 105.72101187422916
9872727150 267251590 5.6677651101140105
9872727150 267251591 105.72101187422916
9872727150 6761961053 259.942274693443
267251591 267251592 108.0600673048555
267251591 267251597 187.79352823126786
267251591 9872727150 105.72101187422916
267251591 1556471313 352.37759213489784
267251591 267251592 108.0600673048555
267251591 267251597 187.79352823126786
267251591 1556471313 352.37759213489784
267251591 9872727150 105.72101187422916
267251592 267251591 108.0600673048555
267251592 267251591 108.0600673048555
267251592 267251594 37.57373442611372
267251592 9872727149 99.59739655861729
267251592 267251594 37.57373442611372
267251592 9872727149 99.59739655861729
267251597 267251591 187.79352823126786
267251597 267251591 187.79352823126786
267251597 5434484056 99.3846743083617
267251597 1556471313 377.115901103286
267251597 1556471313 377.115901103286
267251597 5434484056 99.3846743083617
1556471313 267251591 352.37759213489784
1556471313 267251597 377.115901103286
1556471313 1309626442 80.77954729411668
1556471313 267251597 377.115901103286
1556471313 267251591 352.37759213489784
1556471313 1309626442 80.77954729411668
9872727149 267251592 99.59739655861729
9872727149 267251592 99.59739655861729
9872727149 9872727150 111.05148489696711
1309626438 267251594 468.0513613920533
1309626438 11655342595 8.656060357344195
1309626438 267251594 468.0513613920533
1309626438 1309626431 62.278961208526674
1309626438 11655342595 8.656060357344195
5434484056 267251597 99.3846743083617
5434484056 267251597 99.3846743083617
5434484056 6758692740 253.49181090406591
267253204 10264384052 69.65041356332873
267253204 6742341855 263.30696551952724
267253204 6742341855 263.3069655195272
267253204 10264384052 69.65041356332873
10264384052 267253204 69.65041356332873
10264384052 267253204 69.65041356332873
10264384052 10264384056 51.188195628892686
10264384052 10264384054 35.831282103339106
10264384052 10264384054 35.831282103339106
10264384052 10264384056 51.188195628892686
6742341855 267253204 263.30696551952724
6742341855 267253204 263.3069655195272
6742341855 1762989519 37.65739045900789
267253206 10264328243 77.74480135218738
267253206 10264384042 27.346805600335763
267253206 267253209 105.67035423753555
267253206 267253209 105.67035423753555
267253206 10264328243 77.74480135218738
267253206 10264384042 27.346805600335763
10264328243 267253206 77.74480135218738
10264328243 267253206 77.74480135218738
10264328243 267249954 26.829931905873774
10264384042 267253206 27.346805600335763
10264384042 267253207 167.53214512103193
10264384042 267253207 167.53214512103193
10264384042 10264384043 27.48121070255154
10264384042 267253206 27.346805600335763
10264384042 10264384043 27.48121070255154
267253209 267253206 105.67035423753555
267253209 267253206 105.67035423753555
267253207 10264384042 167.53214512103193
267253207 10264384042 167.53214512103193
267259245 7232925569 72.27343293606596
267259245 9179118872 129.88568719329345
267259245 7232925569 72.27343293606596
7232925569 267259245 72.27343293606596
7232925569 267259246 70.9082421398003
7232925569 267259246 70.9082421398003
7232925569 267259245 72.27343293606596
7232925569 10262310971 9.712157468172364
7232925569 10262310971 9.712157468172364
267259246 7232925569 70.9082421398003
267259246 9179118876 49.54987203336982
267259246 9843958838 33.32478960764167
267259246 7232925569 70.9082421398003
267259246 9179118876 49.54987203336982
267259246 9843958838 33.32478960764167
9179118876 267259246 49.54987203336982
9179118876 10264255636 11.372049379171347
9179118876 267259246 49.54987203336982
9179118876 10264255634 38.05931731590263
9179118876 10264255634 38.05931731590263
9179118876 10264255636 11.372049379171347
9843958838 267259246 33.32478960764167
9843958838 6552977584 107.7451451054101
9843958838 10262384319 114.02885796528993
9843958838 267259246 33.32478960764167
9843958838 6552977584 107.7451451054101
9843958838 10262384319 114.02885796528993
267259248 5802016591 8.790085083611514
267259248 6720393131 123.58468522874466
267259248 5802016591 8.790085083611514
5802016591 267259248 8.790085083611514
5802016591 267259248 8.790085083611514
5802016591 267249900 56.70487309733312
267259251 6436821126 99.41795574081726
267259251 9794237537 12.916415286142705
267259252 9794237535 7.46937557039046
267259252 267259450 393.1307236501766
267259252 267259450 393.1307236501766
267259252 9794237535 7.46937557039046
9794237535 267259252 7.46937557039046
9794237535 9794237532 86.66068111052142
9794237535 267259252 7.46937557039046
9794237535 9843555976 189.74141656897984
9794237535 9843555976 189.74141656897987
267259450 267259252 393.1307236501766
267259450 267259426 60.25610779378318
267259450 267259438 178.79997015473592
267259450 267259426 60.25610779378318
267259450 267259438 178.79997015473592
267259450 267259252 393.1307236501766
267259256 9843555977 253.31215788711145
267259256 9843555977 253.31215788711145
9843555977 267259256 253.31215788711145
9843555977 9843555975 73.76184594564937
9843555977 9843555975 73.76184594564937
9843555977 9843616382 51.80720200879549
9843555977 267259256 253.31215788711145
9843555977 9843616382 51.80720200879549
267259262 5802016585 569.488243106008
267259262 267259263 46.78486988903383
267259262 6531585510 58.00350195222471
267259262 267259263 46.78486988903383
267259262 5802016585 569.4882431060079
267259262 6531585510 58.00350195222471
5802016585 267259262 569.488243106008
5802016585 6436625363 68.3216068484102
5802016585 6720393131 13.173418432538382
5802016585 267259262 569.4882431060079
5802016585 6436625363 68.3216068484102
5802016585 6720393131 13.173418432538382
267259263 267259262 46.78486988903383
267259263 267259262 46.78486988903383
267259263 267249915 555.2938506867877
6531585510 267259262 58.00350195222471
6531585510 267259269 220.02220213620436
6531585510 11607465286 97.74491946975525
6531585510 267259262 58.00350195222471
6531585510 267259269 220.02220213620438
6531585510 11607465286 97.74491946975525
267259266 267259267 56.64733804271863
267259266 5792664509 40.6270732383168
267259266 267259267 56.64733804271863
267259267 267259266 56.64733804271863
267259267 267259266 56.64733804271863
267259267 943560162 174.40130617719268
267259267 267259269 78.41081985307481
267259267 267259269 78.41081985307481
267259267 943560162 174.40130617719268
943560162 267259267 174.40130617719268
943560162 10264640742 235.9113958738137
943560162 6720393121 138.60499173710036
943560162 267259267 174.40130617719268
943560162 6720393121 138.60499173710036
943560162 10264640742 235.91139587381366
267259269 267259267 78.41081985307481
267259269 6436625363 271.4087115195412
267259269 6531585510 220.02220213620436
267259269 267259267 78.41081985307481
267259269 6436625363 271.4087115195412
267259269 6531585510 220.02220213620438
6436625363 267259269 271.4087115195412
6436625363 5802016585 68.3216068484102
6436625363 267259269 271.4087115195412
6436625363 5802016585 68.3216068484102
6436625363 6436625369 73.51875325643987
267259270 6720393087 21.170134269735875
267259274 621248441 35.121830958617416
267259278 267259251 41.20570917484671
267259278 267259435 344.76907984455363
267259278 267259435 344.76907984455363
267259435 267259278 344.76907984455363
267259435 9843555989 78.63605198366137
267259435 267259278 344.76907984455363
267259435 9843555988 123.95596024785041
267259435 9843555988 123.9559602478504
267259435 9843555989 78.63605198366137
267259280 267259266 39.36073730541507
267259280 5792664509 33.28527598200469
267259282 5792664494 27.21937891985682
267259282 5792664481 34.382034498653326
267259283 267259287 82.36952663341279
267259283 267259291 90.33403407971932
267259283 6436821125 81.74627639780356
267259283 267259287 82.36952663341278
267259283 267259291 90.3340340797193
267259283 6436821125 81.74627639780356
267259287 267259283 82.36952663341279
267259287 267259291 82.53681937138359
267259287 267259283 82.36952663341278
267259287 9794237532 182.6714922226317
267259287 267259291 82.53681937138357
267259287 9794237532 182.6714922226317
267259291 267259283 90.33403407971932
267259291 267259287 82.53681937138359
267259291 9843555972 120.98809522421384
267259291 267259283 90.3340340797193
267259291 267259287 82.53681937138357
267259291 9843555972 120.98809522421384
6436821125 267259283 81.74627639780356
6436821125 267259320 81.20644588103993
6436821125 9794237533 70.2891763112055
6436821125 267259320 81.20644588103993
6436821125 267259283 81.74627639780356
6436821125 9794237533 70.2891763112055
9794237532 267259287 182.6714922226317
9794237532 267259325 6.9573027070858116
9794237532 267259325 6.9573027070858116
9794237532 9794237533 259.934900246855
9794237532 267259287 182.6714922226317
9843555972 267259291 120.98809522421384
9843555972 267259291 120.98809522421384
267259320 6720393121 7.624069814098952
267259320 10264764670 276.8138560047573
267259320 6436821125 81.20644588103993
267259320 6436821125 81.20644588103993
267259320 6720393121 7.624069814098952
6720393121 267259320 7.624069814098952
6720393121 943560162 138.60499173710036
6720393121 267259320 7.624069814098952
6720393121 5483954454 101.3349012864834
6720393121 943560162 138.60499173710036
267259325 9794237532 6.9573027070858116
267259325 267259252 83.19865057717058
267259325 267259442 202.32070209397594
267259325 267259442 202.32070209397594
267259325 9794237532 6.9573027070858116
267259442 267259325 202.32070209397594
267259442 267259436 68.47781582142227
267259442 267259325 202.32070209397594
267259426 267259450 60.25610779378318
267259426 9843555989 22.743638911413306
267259426 9843555988 27.69370692838074
267259426 267259450 60.25610779378318
267259426 9843555988 27.69370692838074
267259426 9843555989 22.743638911413306
9843555989 267259426 22.743638911413306
9843555989 267259435 78.63605198366137
9843555989 9843555988 16.18434957024959
9843555989 9843555988 16.18434957024959
9843555989 267259435 78.63605198366137
9843555989 267259426 22.743638911413306
9843555988 267259426 27.69370692838074
9843555988 267259435 123.95596024785041
9843555988 9843555989 16.18434957024959
9843555988 267259435 123.9559602478504
9843555988 267259426 27.69370692838074
9843555988 9843555989 16.18434957024959
267259436 6436821126 158.15258446499024
267259436 267259438 87.72778446554868
267259436 6436821126 158.15258446499024
6436821126 267259436 158.15258446499024
6436821126 9794237533 11.135526564181427
6436821126 267259325 259.5845993762032
6436821126 267259436 158.15258446499024
6436821126 9794237533 11.135526564181427
267259438 267259442 68.9123176355145
267259438 267259450 178.79997015473592
267259438 267259450 178.79997015473592
291510966 938409610 61.20032519210023
291510966 1763864329 105.06584849719204
291542746 2934942130 6.980957640641506
291542746 291542985 135.37268340806523
291542985 1588306357 19.69631003684814
291542985 1588306352 17.613613519880822
291542985 1588306357 19.69631003684814
1588306357 291542985 19.69631003684814
1588306357 1588306352 35.79484737889176
1588306357 291542985 19.69631003684814
1588306357 10289210645 79.54355212496807
1588306357 1588306352 35.79484737889176
1588306357 10289210645 79.54355212496807
308722765 7048416704 42.85196979983044
308722765 5681296950 9.404583021126486
308723081 938409480 426.6434266444363
308723081 938409719 25.53219992192237
345234446 6576464207 50.02692189438274
345234450 345234453 35.114819181052596
345234450 9843353239 25.212277619524265
345234450 9843353239 25.212277619524265
9843353239 345234450 25.212277619524265
9843353239 6576464203 98.6121693210852
9843353239 9843353240 25.316765801751743
9843353239 6576464203 98.6121693210852
9843353239 345234450 25.212277619524265
9843353239 9843353240 25.316765801751743
345234453 345234460 11.314841666578847
345234453 943560427 83.14565217309203
345234455 345234471 15.704816596124994
345234455 9843268862 474.0097767595317
345234460 562591515 12.863331809144494
345234466 345265062 20.097699881663946
345234466 5638613755 35.63381366281598
345234471 345234473 12.220383155857862
345234471 1869899442 175.34823596464383
345234473 9843274051 15.086691475918533
345234473 9843353250 62.5028825484286
345265062 928488602 6.6626592840720935
345265068 943559774 21.42496620812063
345265068 10274798170 260.92574422814096
345265121 432874005 125.54402166866745
395135071 7223006828 49.453745102630066
395135071 11301690347 7.882246085028591
395135071 267259245 275.6732373348161
395135071 7223006828 49.453745102630066
395135071 11301690347 7.882246085028591
7223006828 395135071 49.453745102630066
7223006828 7223006826 113.69101211789885
7223006828 7232925570 23.764982013851217
7223006828 395135071 49.453745102630066
7223006828 7223006826 113.69101211789884
7223006828 7232925570 23.764982013851217
11301690347 395135071 7.882246085028591
11301690347 6437796374 44.87143744982133
11301690347 395135071 7.882246085028591
11301690347 6437796374 44.87143744982133
11301690347 11726690852 116.85457337868498
395135085 1191294813 85.22940291808361
395135085 562591601 60.60484020673158
395135085 395135093 80.17535878925977
395135085 395135093 80.17535878925977
395135085 562591601 60.60484020673157
395135085 1191294813 85.22940291808361
1191294813 395135085 85.22940291808361
1191294813 1191294802 70.42665180644372
1191294813 395135085 85.22940291808361
1191294813 4808285378 185.85301991650203
1191294813 1191294802 70.42665180644372
1191294813 4808285378 185.85301991650203
562591601 395135085 60.60484020673158
562591601 395135085 60.60484020673157
562591601 7223006826 359.59140964021265
395135093 395135085 80.17535878925977
395135093 395135085 80.17535878925977
395135093 6436657802 260.0492349148162
395135093 9857860410 180.04152441261252
395135093 6436657802 260.0492349148162
395135093 9857860410 180.04152441261252
6436657802 395135093 260.0492349148162
6436657802 395135103 64.69998910585797
6436657802 9859502222 164.65670432255402
6436657802 395135093 260.0492349148162
6436657802 395135103 64.69998910585797
6436657802 9859502222 164.65670432255402
9857860410 395135093 180.04152441261252
9857860410 1191294788 39.43156893034777
9857860410 1191294788 39.43156893034777
9857860410 10262384320 76.16021667273523
9857860410 395135093 180.04152441261252
9857860410 10262384320 76.16021667273523
395135103 1762977534 70.74120371234044
395135103 6436657802 64.69998910585797
395135103 6436657802 64.69998910585797
395135111 9873910593 80.88659179500229
395135138 5681296960 13.31183323071789
395135138 458640642 242.69421413356642
395135138 458640640 696.9348724422669
395135138 458640640 696.9348724422669
395135138 5681296960 13.31183323071789
5681296960 395135138 13.31183323071789
5681296960 395135138 13.31183323071789
5681296960 6636511951 116.96099299756392
458640640 395135138 696.9348724422669
458640640 395135138 696.9348724422669
458640640 458640633 27.23208478284243
432874004 9798119678 11.459167593925434
432874004 10274798166 22.954703533786457
432874005 912971480 30.32594039750388
432874005 249783313 92.15256748183546
432874009 450632353 22.59779241684498
432874009 13683334003 29.458024190433157
432874009 450632353 22.59779241684498
450632353 432874009 22.59779241684498
450632353 450638389 10.842765511261941
450632353 432874009 22.59779241684498
450632353 450639364 195.31036480478045
450632353 450638389 10.842765511261941
450632353 450639364 195.31036480478042
432874010 1376266468 3.485325864991421
432874010 1349091990 54.894016591232536
432874010 1869717014 32.85209815818628
432874010 1349091990 54.894016591232536
432874010 1376266468 3.485325864991421
432874010 1869717014 32.85209815818628
1376266468 432874010 3.485325864991421
1376266468 432874012 94.8660744956459
1376266468 432874010 3.485325864991421
1376266468 1376266494 36.98322724022927
1376266468 432874012 94.86607449564592
1376266468 1376266494 36.98322724022927
1349091990 432874010 54.894016591232536
1349091990 432874010 54.894016591232536
1349091990 1349092053 52.44744657022966
1349091990 1349092096 86.60661445763454
1349091990 1349092053 52.44744657022966
1349091990 1349092096 86.60661445763454
1869717014 432874010 32.85209815818628
1869717014 450631435 49.928607672779364
1869717014 1376300298 29.133438079240353
1869717014 1376300298 29.133438079240353
1869717014 450631435 49.92860767277936
1869717014 432874010 32.85209815818628
432874012 1349092057 55.78153810595239
432874012 10993933834 80.33560651642348
432874012 1376266468 94.8660744956459
432874012 1349092057 55.78153810595239
432874012 1376266468 94.86607449564592
432874012 10993933834 80.33560651642347
1349092057 432874012 55.78153810595239
1349092057 1349092070 18.56543180776008
1349092057 432874012 55.78153810595239
1349092057 1349092063 53.205685455183044
1349092057 1349092063 53.205685455183044
1349092057 1349092070 18.56543180776008
10993933834 432874012 80.33560651642348
10993933834 450637037 113.54315241899647
10993933834 450637037 113.54315241899647
10993933834 432874012 80.33560651642347
10993933834 10993933837 37.03381009431618
10993933834 10993933837 37.03381009431618
450631313 1869716959 20.23403999084501
450631313 6439164655 246.47679149962087
450631313 450631428 239.1775131318222
450631313 450631428 239.1775131318222
450631313 1869716959 20.23403999084501
1869716959 450631313 20.23403999084501
1869716959 450631313 20.23403999084501
1869716959 3177903051 60.88694363865496
1869716959 3947530960 417.06648550680825
1869716959 3177903051 60.88694363865496
450631428 450631313 239.1775131318222
450631428 450639343 22.339205613740205
450631428 4774765614 254.50631104031132
450631428 450631313 239.1775131318222
450631428 450639343 22.339205613740205
450631428 4774765614 254.50631104031135
450639343 450631428 22.339205613740205
450639343 450631435 113.3379751754877
450639343 450631428 22.339205613740205
450639343 9873677660 76.28109501005423
450639343 450631435 113.3379751754877
450639343 9873677660 76.28109501005423
4774765614 450631428 254.50631104031132
4774765614 13991917688 46.84478234009695
4774765614 13991917687 107.49678282689865
4774765614 450631428 254.50631104031135
4774765614 13991917687 107.49678282689865
4774765614 13991917688 46.84478234009695
450631435 1376300298 45.62685984980686
450631435 450639343 113.3379751754877
450631435 1869717014 49.928607672779364
450631435 450639343 113.3379751754877
450631435 1376300298 45.62685984980686
450631435 1869717014 49.92860767277936
1376300298 450631435 45.62685984980686
1376300298 9179109985 10.608613010369197
1376300298 450631435 45.62685984980686
1376300298 1869717014 29.133438079240353
1376300298 1869717014 29.133438079240353
1376300298 9179109985 10.608613010369197
450638389 450632353 10.842765511261941
450638389 450638758 55.33002265737583
450638389 450638826 149.66101816134864
450638389 450632353 10.842765511261941
450638389 450638758 55.33002265737583
450638389 450638826 149.66101816134864
450639364 450632353 195.31036480478045
450639364 450639211 32.09898119205188
450639364 450639211 32.09898119205188
450639364 9873677637 57.1417599430598
450639364 450632353 195.31036480478042
450639364 9873677637 57.1417599430598
450633478 2657888913 29.94063915843747
450633478 938372517 45.0889105013115
450636860 1349091996 43.45448047130736
450636860 450636863 76.81500305479521
450636860 9873655562 74.17682121710354
450636860 450636863 76.81500305479521
450636860 1349091996 43.45448047130736
450636860 9873655562 74.17682121710354
1349091996 450636860 43.45448047130736
1349091996 1349091940 10.610973682898837
1349091996 450636860 43.45448047130736
1349091996 1349091940 10.610973682898837
1349091996 1349092049 91.4301735183683
1349091996 1349092049 91.4301735183683
450636863 450636860 76.81500305479521
450636863 6541904367 32.3655631257686
450636863 450638041 33.46125141024151
450636863 1349092065 22.351227186467035
450636863 450636860 76.81500305479521
450636863 450638041 33.46125141024151
450636863 1349092065 22.351227186467035
450636863 6541904367 32.3655631257686
9873655562 450636860 74.17682121710354
9873655562 1349092046 141.01706758434295
9873655562 1349092077 81.19893220846069
9873655562 1349092046 141.01706758434293
9873655562 450636860 74.17682121710354
9873655562 1349092077 81.19893220846069
6541904367 450636863 32.3655631257686
6541904367 6541904366 78.26173713393288
6541904367 450636863 32.3655631257686
6541904367 6541904366 78.26173713393288
6541904367 6541904384 31.01904580074919
6541904367 6541904384 31.01904580074919
450638041 450636863 33.46125141024151
450638041 1349092037 22.862809187008327
450638041 450636863 33.46125141024151
450638041 1349092009 134.8558244498084
450638041 1349092009 134.8558244498084
450638041 1349092037 22.862809187008327
1349092065 450636863 22.351227186467035
1349092065 1349091984 24.73998095358803
1349092065 1349092035 159.16513432222342
1349092065 1349091984 24.73998095358803
1349092065 450636863 22.351227186467035
1349092065 1349092035 159.16513432222342
450637037 450637798 40.828672126053284
450637037 4774765615 24.019899452560146
450637037 10993933834 113.54315241899647
450637037 450637798 40.828672126053284
450637037 4774765615 24.019899452560146
450637037 10993933834 113.54315241899647
450637798 450637037 40.828672126053284
450637798 450637037 40.828672126053284
450637798 1349092050 49.06535475257144
450637798 1349091968 61.89036072957642
450637798 450638039 195.44909615480094
450637798 450638039 195.44909615480094
450637798 1349091968 61.89036072957642
450637798 1349092050 49.06535475257144
4774765615 450637037 24.019899452560146
4774765615 1349092014 65.68886953631606
4774765615 1349092014 65.68886953631606
4774765615 450637037 24.019899452560146
4774765615 13991917688 10.670907573842605
4774765615 13991917688 10.670907573842605
450637708 1349092094 76.52573152915865
450637708 1349092055 67.08471555057636
450637708 450637800 28.07651808964275
450637708 450637800 28.07651808964275
450637708 1349092055 67.08471555057636
450637708 1349092094 76.52573152915865
1349092094 450637708 76.52573152915865
1349092094 1349092024 35.92391062924019
1349092094 9874283602 95.80413159687008
1349092094 450637708 76.52573152915865
1349092094 1349092024 35.92391062924019
1349092094 9874283602 95.80413159687008
1349092055 450637708 67.08471555057636
1349092055 1349092015 29.021888877261908
1349092055 1349092024 75.89704040064265
1349092055 450637708 67.08471555057636
1349092055 1349092015 29.021888877261908
1349092055 1349092024 75.89704040064265
450637800 450637708 28.07651808964275
450637800 11778278948 32.963206660020745
450637800 450637708 28.07651808964275
450637800 9798119674 10.946602121881595
450637800 9798119674 10.946602121881595
450637709 1349092064 21.69779109357883
450637709 1349091949 112.51462220685052
450637709 1349091982 28.653164937202114
450637709 1349091949 112.51462220685052
450637709 1349091982 28.653164937202114
450637709 1349092064 21.69779109357883
1349092064 450637709 21.69779109357883
1349092064 1349091957 112.5706376832042
1349092064 450637709 21.69779109357883
1349092064 1349092095 23.718778554460975
1349092064 1349091957 112.5706376832042
1349092064 1349092095 23.718778554460975
1349091949 450637709 112.51462220685052
1349091949 1349092009 25.046904155554728
1349091949 1349091957 24.747451297184284
1349091949 1349092037 133.41268529283437
1349091949 450637709 112.51462220685052
1349091949 1349091957 24.747451297184284
1349091949 1349092009 25.046904155554728
1349091949 1349092037 133.41268529283437
1349091982 450637709 28.653164937202114
1349091982 450637709 28.653164937202114
1349091982 928490293 90.7134922614891
450637793 1349092030 41.23925805864216
450637793 1349091978 18.776660428932455
450637793 1349091968 248.93542287755713
450637793 1349091968 248.93542287755713
450637793 1349091978 18.776660428932455
450637793 1349092030 41.23925805864216
1349092030 450637793 41.23925805864216
1349092030 1349091938 29.092889906437524
1349092030 450637793 41.23925805864216
1349092030 1349092071 128.9745039705359
1349092030 1349091938 29.092889906437524
1349092030 1349092071 128.9745039705359
1349091978 450637793 18.776660428932455
1349091978 450637793 18.776660428932455
1349091978 1349092025 35.57277626737046
1349091978 1349092048 72.25393079707742
1349091978 1349092025 35.57277626737046
1349091978 1349092048 72.25393079707742
1349091968 450637793 248.93542287755713
1349091968 450637798 61.89036072957642
1349091968 450637798 61.89036072957642
1349091968 1349092025 196.04420856059633
1349091968 450637793 248.93542287755713
1349091968 1349092025 196.04420856059633
1349092050 450637798 49.06535475257144
1349092050 1349092015 43.878828446465995
1349092050 1349092036 198.00116950550432
1349092050 1349092015 43.878828446465995
1349092050 450637798 49.06535475257144
1349092050 1349092036 198.00116950550432
450638039 450637798 195.44909615480094
450638039 1349091937 9.15247220001753
450638039 1349092025 45.36344704625276
450638039 1349092036 61.88853230561981
450638039 450637798 195.44909615480094
450638039 1349091937 9.15247220001753
450638039 1349092025 45.36344704625276
450638039 1349092036 61.88853230561981
9798119674 450637800 10.946602121881595
9798119674 450637800 10.946602121881595
450637861 1349092091 47.64677865352993
450637861 9874283602 41.51589829156325
450637861 1349092043 15.793907711724797
450637861 9798119673 27.62557754119854
450637861 1349092043 15.793907711724797
450637861 1349092091 47.64677865352993
450637861 9798119673 27.62557754119854
450637861 9874283602 41.51589829156325
1349092091 450637861 47.64677865352993
1349092091 1349091937 113.40213685240153
1349092091 1349092086 25.61239014023628
1349092091 1349092086 25.61239014023628
1349092091 450637861 47.64677865352993
1349092091 1349091937 113.40213685240153
9874283602 450637861 41.51589829156325
9874283602 1349092024 89.71065899922894
9874283602 1349092094 95.80413159687008
9874283602 450637861 41.51589829156325
9874283602 1349092094 95.80413159687008
9874283602 1349092024 89.71065899922894
1349092043 450637861 15.793907711724797
1349092043 1349092016 128.90980614060715
1349092043 1349092036 45.14320544449636
1349092043 1349092036 45.14320544449636
1349092043 450637861 15.793907711724797
1349092043 1349092016 128.90980614060715
9798119673 450637861 27.62557754119854
9798119673 450637861 27.62557754119854
9798119673 450637800 221.10790921464397
1349091937 450638039 9.15247220001753
1349091937 1349092048 24.86715006867992
1349091937 450638039 9.15247220001753
1349091937 1349092091 113.40213685240153
1349091937 1349092048 24.86715006867992
1349091937 1349092091 113.40213685240153
1349092025 450638039 45.36344704625276
1349092025 1349091968 196.04420856059633
1349092025 1349091978 35.57277626737046
1349092025 1349091978 35.57277626737046
1349092025 450638039 45.36344704625276
1349092025 1349091968 196.04420856059633
1349092036 450638039 61.88853230561981
1349092036 450638039 61.88853230561981
1349092036 1349092043 45.14320544449636
1349092036 1349092050 198.00116950550432
1349092036 1349092043 45.14320544449636
1349092036 1349092050 198.00116950550432
1349092037 450638041 22.862809187008327
1349092037 1349091938 23.247140572932924
1349092037 1349091949 133.41268529283437
1349092037 450638041 22.862809187008327
1349092037 1349091938 23.247140572932924
1349092037 1349091949 133.41268529283437
1349092009 450638041 134.8558244498084
1349092009 1349091949 25.046904155554728
1349092009 1349092035 24.308892252476657
1349092009 1349091949 25.046904155554728
1349092009 450638041 134.8558244498084
1349092009 1349092035 24.308892252476657
450638381 1349092038 14.360855612975694
450638381 1349091954 20.04420472359261
450638381 450638384 49.408611414403666
450638381 450638384 49.40861141440366
450638381 1349091954 20.04420472359261
450638381 1349092038 14.360855612975694
1349092038 450638381 14.360855612975694
1349092038 1349091986 60.67779872337984
1349092038 1349091992 44.64705706527455
1349092038 450638381 14.360855612975694
1349092038 1349091992 44.64705706527455
1349092038 1349091986 60.67779872337984
1349091954 450638381 20.04420472359261
1349091954 1349091958 31.032765664974427
1349091954 450638381 20.04420472359261
1349091954 1349092074 29.683611367684826
1349091954 1349092074 63.059688846304084
1349091954 1349091958 31.032765664974427
1349091954 1349092074 29.683611367684826
1349091954 1349092074 63.059688846304084
450638384 450638381 49.408611414403666
450638384 1349091939 14.113269516554954
450638384 1349092041 56.50725404072646
450638384 450638381 49.40861141440366
450638384 1349091939 14.113269516554954
450638384 1349092041 56.50725404072646
1349091939 450638384 14.113269516554954
1349091939 1349092003 31.27523795589269
1349091939 450638384 14.113269516554954
1349091939 1349092052 25.839827683485932
1349091939 1349092003 31.27523795589269
1349091939 1349092052 25.839827683485932
1349092041 450638384 56.50725404072646
1349092041 450638758 56.25322889429552
1349092041 9873655600 31.93812589726216
1349092041 450638384 56.50725404072646
1349092041 450638758 56.25322889429552
1349092041 9873655600 31.93812589726216
450638758 450638389 55.33002265737583
450638758 450638756 84.11340302311545
450638758 450638389 55.33002265737583
450638758 450638756 84.11340302311545
450638758 1349092041 56.25322889429552
450638758 1349092041 56.25322889429552
450638826 450638389 149.66101816134864
450638826 450638754 45.0260702413873
450638826 450638389 149.66101816134864
450638826 450638754 45.0260702413873
450638826 9873677665 81.15233787404107
450638826 9873677665 81.15233787404107
450638754 1349092074 48.303275852990595
450638754 450638826 45.0260702413873
450638754 450638756 61.18348453579698
450638754 1349092029 125.77590302463281
450638754 450638756 61.18348453579698
450638754 450638826 45.0260702413873
450638754 1349092029 125.77590302463281
450638754 1349092074 48.303275852990595
1349092074 450638754 48.303275852990595
1349092074 450638756 86.34322644794209
1349092074 1349091954 29.683611367684826
1349092074 1349091954 63.059688846304084
1349092074 1349091954 29.683611367684826
1349092074 1349091954 63.059688846304084
1349092074 450638754 48.303275852990595
1349092074 450638756 86.3432264479421
450638756 450638754 61.18348453579698
450638756 450638758 84.11340302311545
450638756 450638754 61.18348453579698
450638756 1349092074 86.34322644794209
450638756 450638758 84.11340302311545
450638756 1349092074 86.3432264479421
1349092029 450638754 125.77590302463281
1349092029 1349092001 34.208789199485864
1349092029 1349092028 86.49733295678887
1349092029 1349092001 34.208789199485864
1349092029 1349092028 86.49733295678887
1349092029 450638754 125.77590302463281
9873677665 450638826 81.15233787404107
9873677665 9873677661 47.349753634725815
9873677665 11024823774 5.7092886680235475
9873677665 450638826 81.15233787404107
9873677665 9873677661 47.34975363472582
9873677665 11024823774 5.7092886680235475
450639204 9873623151 73.57165362897703
450639204 9873623151 73.57165362897702
9873623151 450639204 73.57165362897703
9873623151 3648355191 6.7944681746545905
9873623151 3648355191 6.7944681746545905
9873623151 9873623154 42.63024539994036
9873623151 450639204 73.57165362897702
9873623151 9873623154 42.63024539994036
450639208 3648355191 25.953154553481358
450639208 450639340 72.83720049945845
450639208 10994014909 49.895190336260676
450639208 9873677642 69.29754302313341
450639208 450639340 72.83720049945846
450639208 3648355191 25.953154553481358
450639208 9873677642 69.29754302313343
450639208 10994014909 49.89519033626067
3648355191 450639208 25.953154553481358
3648355191 3648355189 90.73767087412232
3648355191 450639208 25.953154553481358
3648355191 9873623151 6.7944681746545905
3648355191 3648355189 90.73767087412232
3648355191 9873623151 6.7944681746545905
450639340 450639208 72.83720049945845
450639340 1376300238 145.0200220822239
450639340 450639208 72.83720049945846
450639340 1376300341 55.770200991905014
450639340 9179109977 66.44493970691008
450639340 1376300238 145.02002208222387
450639340 1376300341 55.77020099190502
450639340 9179109977 66.44493970691009
10994014909 450639208 49.895190336260676
10994014909 3047095605 5.148220602356222
10994014909 10994014906 58.45670627394194
10994014909 3047095605 5.148220602356222
10994014909 450639208 49.89519033626067
10994014909 10994014906 58.45670627394195
9873677642 450639208 69.29754302313341
9873677642 450639211 26.45046032839401
9873677642 9873677637 66.62760096652828
9873677642 450639211 26.45046032839401
9873677642 450639208 69.29754302313343
9873677642 9873677637 66.62760096652828
450639211 9873677642 26.45046032839401
450639211 450639364 32.09898119205188
450639211 12120014820 108.2690129208841
450639211 450639364 32.09898119205188
450639211 9873677642 26.45046032839401
450639211 12120014820 108.26901292088408
12120014820 450639211 108.2690129208841
12120014820 450639211 108.26901292088408
1376300238 450639340 145.0200220822239
1376300238 9873677660 8.612913898858306
1376300238 450639340 145.02002208222387
1376300238 9179109985 118.61478581643814
1376300238 9179109985 118.61478581643814
1376300238 9873677660 8.612913898858306
1376300341 450639340 55.770200991905014
1376300341 974362889 51.48132385088951
1376300341 3047095605 43.64225641310994
1376300341 450639340 55.77020099190502
1376300341 974362889 51.48132385088952
1376300341 10993972259 85.36916548333087
1376300341 3047095605 43.64225641310994
1376300341 10993972259 85.36916548333087
9179109977 450639340 66.44493970691008
9179109977 450639340 66.44493970691009
9873677660 450639343 76.28109501005423
9873677660 1376300238 8.612913898858306
9873677660 2967264876 146.68047076590494
9873677660 1376300238 8.612913898858306
9873677660 450639343 76.28109501005423
9873677660 2967264876 146.68047076590494
9873677637 450639364 57.1417599430598
9873677637 3648355189 32.54830407449743
9873677637 3648355189 32.54830407449743
9873677637 450639364 57.1417599430598
9873677637 9873677642 66.62760096652828
9873677637 9873677642 66.62760096652828
458640632 9874066836 44.26090422101444
458640632 291510966 367.1179013639804
458640632 9874066836 44.26090422101444
9874066836 458640632 44.26090422101444
9874066836 458640633 168.79727184319054
9874066836 458640633 168.79727184319054
9874066836 458640632 44.26090422101444
9874066836 12097109466 179.66554365448798
9874066836 12097109466 179.66554365448798
458640633 9874066836 168.79727184319054
458640633 458640636 50.69053636065341
458640633 9874066836 168.79727184319054
458640636 1668978741 182.319171058245
458640636 458640638 36.31627683312283
458640636 1668978741 182.319171058245
1668978741 458640636 182.319171058245
1668978741 458640643 11.372311398027703
1668978741 458640643 11.372311398027703
1668978741 458640636 182.319171058245
1668978741 6437643223 533.413818983516
458640638 2933066931 125.88832637457598
458640638 458640640 32.3578003213228
458640638 2933066931 125.888326374576
2933066931 458640638 125.88832637457598
2933066931 12145993614 25.98336011219822
2933066931 12145993615 31.386429705893896
2933066931 458640638 125.888326374576
2933066931 12145993614 25.98336011219822
2933066931 12145993615 31.386429705893896
458640642 6439021689 162.76564534655148
458640642 12145993615 305.0957580608334
458640642 12145993615 305.09575806083336
12145993615 458640642 305.0957580608334
12145993615 2933066931 31.386429705893896
12145993615 12145993614 23.457171964080228
12145993615 12145993614 23.457171964080228
12145993615 458640642 305.09575806083336
12145993615 2933066931 31.386429705893896
458640643 1668978741 11.372311398027703
458640643 6439021695 450.98889925404745
458640643 1668978741 11.372311398027703
458640649 938409535 37.772206877053
458640649 458640658 68.9272224596626
458640649 938409535 37.772206877053
938409535 458640649 37.772206877053
938409535 458640649 37.772206877053
938409535 6636511947 64.76571016118282
458640653 458640649 60.55993918143384
458640653 458640658 73.04999406395977
458640658 938409431 68.06530407570767
458640661 458640653 270.19737310432515
458640661 458640663 13.401968184523444
458640663 5638613639 27.067242195933826
458640665 308723081 33.988455775666154
561316935 1588306358 20.007254568086584
561316935 1588306360 29.764152086138083
561316935 938409459 26.880359785753708
561316935 938409459 26.880359785753708
561316935 1588306358 20.007254568086584
561316935 1588306360 29.764152086138083
1588306358 561316935 20.007254568086584
1588306358 10289210645 48.9681392645146
1588306358 561316935 20.007254568086584
1588306358 10289210645 48.9681392645146
1588306360 561316935 29.764152086138083
1588306360 561316935 29.764152086138083
1588306360 7084322359 111.52228980111502
1588306360 1588306366 78.5418118049519
1588306360 1588306366 78.5418118049519
1588306360 7084322359 111.52228980111502
938409459 561316935 26.880359785753708
938409459 561316935 26.880359785753708
938409459 291542746 35.11290393462036
561316941 9179112328 30.76337684449551
561316941 9179112328 30.76337684449551
9179112328 561316941 30.76337684449551
9179112328 561316941 30.76337684449551
9179112328 9874317374 37.855362926183986
9179112328 9874317374 37.855362926183986
562591515 562591519 14.646651415014631
562591515 1802525711 212.12432335777814
562591519 2592537510 1.9453539063020049
562591570 395135071 116.193302943024
562591570 11726690852 8.346136123500633
562591572 562591519 234.0619742365343
562591572 6439049451 63.5802179759698
562591572 6439049451 63.5802179759698
6439049451 562591572 63.5802179759698
6439049451 6439049449 30.522284287827613
6439049451 6439049449 30.522284287827613
6439049451 9843218520 166.228724082913
6439049451 562591572 63.5802179759698
6439049451 9843218520 166.228724082913
562591589 3947530961 37.18636772394866
562591589 943560309 47.64895206823965
562615476 9794237541 5.989490456252339
562615476 9843524727 33.23361272292892
562615476 9843554413 180.495193837814
562615476 9794237541 5.989490456252339
562615476 9843524727 33.23361272292892
9794237541 562615476 5.989490456252339
9794237541 562615476 5.989490456252339
9843524727 562615476 33.23361272292892
9843524727 562615476 33.23361272292892
9843524727 9843524735 22.176092486679927
9843524727 9843524735 22.176092486679927
616563687 6541906286 108.29871296372016
621248441 267259270 11.713881440493061
621248441 9794237531 280.53380411359535
621248447 267249920 33.304931946972275
621248447 11939765548 157.48837581094688
883993784 2946891549 29.65176840923886
883993784 9179112452 160.66277220394778
883993784 2946891549 29.65176840923886
883993784 9179112452 160.6627722039478
2946891549 883993784 29.65176840923886
2946891549 6576363393 37.191605312581224
2946891549 883993784 29.65176840923886
2946891549 2946891547 68.49911893675797
2946891549 6576363394 102.59516750296554
2946891549 6576363393 37.191605312581224
2946891549 6576363394 102.59516750296552
912971480 1762977414 30.13400468493286
912971480 1666858658 395.33533893567204
912971480 1666858658 395.335338935672
1666858658 912971480 395.33533893567204
1666858658 6439164662 117.40007201842408
1666858658 10996521841 14.897427632475457
1666858658 3648355189 317.9105081982218
1666858658 912971480 395.335338935672
1666858658 3648355189 317.91050819822186
1666858658 6439164662 117.40007201842408
1666858658 10996521841 14.897427632475457
915472512 915473757 53.82842814681077
915472512 10259078987 90.80944791272637
915472512 10259078987 90.80944791272637
10259078987 915472512 90.80944791272637
10259078987 915472512 90.80944791272637
915472761 915473666 49.84248511875027
915473666 915473919 21.573694553783717
915473757 915472761 12.236619365488592
915473919 2978721068 25.021671191698033
915473919 915472512 65.33164659698895
928488602 345265068 9.00770566539169
928488602 928488610 152.75678075007002
928488602 928488610 152.75678075007002
928488610 928488602 152.75678075007002
928488610 928490302 80.43989359882868
928488610 10241688269 164.98135563372415
928488610 2978721072 150.6307585463461
928488610 928488602 152.75678075007002
928488610 928490302 80.43989359882868
928488610 2978721072 150.6307585463461
928488610 10241688269 164.98135563372415
928488603 10241688269 101.80396913696757
928488603 10241688269 101.80396913696757
10241688269 928488603 101.80396913696757
10241688269 928488610 164.98135563372415
10241688269 10241688268 78.81089853241663
10241688269 10241688268 78.81089853241663
10241688269 928488610 164.98135563372415
10241688269 928488603 101.80396913696757
928490302 928488610 80.43989359882868
928490302 928488610 80.43989359882868
928490302 11235524823 57.52948069750255
928490302 10241688268 162.47156842180996
928490302 4234992502 73.03729275163107
928490302 4234992502 73.03729275163107
928490302 10241688268 162.47156842180996
928490302 11235524823 57.52948069750255
2978721072 928488610 150.6307585463461
2978721072 2978721068 121.62313668045122
2978721072 928488610 150.6307585463461
2978721072 2978721073 52.376955168781905
2978721072 2978721068 121.62313668045122
2978721072 2978721073 52.376955168781905
928490290 10241688268 76.83254232575823
928490290 10241688268 76.83254232575823
10241688268 928490290 76.83254232575823
10241688268 928490302 162.47156842180996
10241688268 928490290 76.83254232575823
10241688268 10241688269 78.81089853241663
10241688268 928490302 162.47156842180996
10241688268 10241688269 78.81089853241663
928490293 9798119673 51.698663776691056
928490293 9798119672 8.98704054218414
928490293 9798119672 8.98704054218414
9798119672 928490293 8.98704054218414
9798119672 4234992502 204.73215878566185
9798119672 4234992502 204.73215878566185
9798119672 928490293 8.98704054218414
11235524823 928490302 57.52948069750255
11235524823 928490302 57.52948069750255
4234992502 928490302 73.03729275163107
4234992502 9798119672 204.73215878566185
4234992502 9843353246 31.70504378924373
4234992502 9843353247 26.738359481601822
4234992502 928490302 73.03729275163107
4234992502 9798119672 204.73215878566185
4234992502 9843353246 31.70504378924373
4234992502 9843353247 26.738359481601822
938372517 6720350065 9.260282783485339
938372523 6437668039 93.58433739342028
938372523 6437668039 93.58433739342028
938409400 938409406 116.46548198406794
938409400 5681296958 104.0083520328213
938409400 5681296958 104.0083520328213
5681296958 938409400 104.0083520328213
5681296958 938409400 104.0083520328213
5681296958 5681296959 130.17063978175628
938409406 395135111 118.16332910878616
938409406 5681296959 170.26774687223465
938409406 5681296959 170.26774687223465
5681296959 938409406 170.26774687223465
5681296959 938409406 170.26774687223465
5681296959 9873910595 76.75938638081307
938409480 1763864242 47.90811583970093
938409480 938409674 61.95913424624708
938409521 938409719 21.979324409387264
938409521 7048416704 69.71303416617866
938409610 1763864242 10.72202361026572
938409610 1763864329 73.51128092264236
938409719 308722765 20.498708084448523
939091064 9212682321 372.45149904018865
939091095 1869716906 59.72884750007515
939091095 1869716945 110.51076207387709
939091123 1869716862 20.997684053561134
939091123 939091064 32.76418857534777
943559774 345234466 7.763422423976404
943559774 4231821268 79.96333597642425
943560066 9843579524 185.88157815384852
943560066 11015451857 6.424608100894143
943560066 11015452662 36.653262795691596
943560066 9843579524 185.88157815384852
943560066 11015451857 6.424608100894143
943560066 11015452662 36.653262795691596
9843579524 943560066 185.88157815384852
9843579524 9843579523 30.109253401652083
9843579524 943560066 185.88157815384852
9843579524 9843579523 30.109253401652083
9843579524 9843579527 127.37831909711642
9843579524 9843579527 127.37831909711642
11015451857 943560066 6.424608100894143
11015451857 4231821247 235.22014093726133
11015451857 943560066 6.424608100894143
11015451857 4231821247 235.2201409372613
11015451857 11015451862 126.93595045379432
11015451857 11015451862 126.93595045379432
11015452662 943560066 36.653262795691596
11015452662 2431986321 20.318953224947055
11015452662 9843579523 186.6247840324121
11015452662 2431986321 20.318953224947055
11015452662 11015452663 56.99825269293142
11015452662 943560066 36.653262795691596
11015452662 9843579523 186.6247840324121
11015452662 11015452663 56.99825269293142
943560121 9843579527 69.821982213938
943560121 943560221 109.46206972492828
943560121 4231821247 289.83453756807796
943560121 943560221 109.46206972492828
943560121 4231821247 289.83453756807796
943560121 9843579527 69.821982213938
9843579527 943560121 69.821982213938
9843579527 9843579524 127.37831909711642
9843579527 9843579525 31.96182695305003
9843579527 943560121 69.821982213938
9843579527 9843579525 31.96182695305003
9843579527 9843579524 127.37831909711642
943560221 943560121 109.46206972492828
943560221 943560121 109.46206972492828
943560221 11980204981 14.216583654603735
4231821247 943560121 289.83453756807796
4231821247 10262239779 12.882540090771013
4231821247 11015451857 235.22014093726133
4231821247 943560121 289.83453756807796
4231821247 9843524739 95.71096094073006
4231821247 9843524739 95.71096094073006
4231821247 10262239779 12.882540090771013
4231821247 11015451857 235.2201409372613
10264640742 943560162 235.9113958738137
10264640742 6720393121 207.90565823478505
10264640742 943560162 235.91139587381366
943560309 4231821269 180.4359571602678
943560313 345234473 171.271966456632
943560313 9843353248 63.86595551323287
943560313 9843353248 63.86595551323287
9843353248 943560313 63.86595551323287
9843353248 7247334403 108.94038513529304
9843353248 7247334403 108.94038513529304
9843353248 943560313 63.86595551323287
9843353248 9843353250 171.15801924863476
9843353248 9843353250 171.15801924863476
943560427 943560313 152.4780105609165
943560427 6576464203 54.8246231913467
943560427 6576464203 54.8246231913467
6576464203 943560427 54.8246231913467
6576464203 6576464200 29.012301114344037
6576464203 6576464200 29.012301114344037
6576464203 6576464204 45.81270619133674
6576464203 943560427 54.8246231913467
6576464203 9843353239 98.6121693210852
6576464203 6576464204 45.81270619133674
6576464203 9843353239 98.6121693210852
943560822 9843486080 92.78712763925981
943560822 10225136820 105.86010113599339
943560822 9843486080 92.7871276392598
943560822 10225136820 105.86010113599339
9843486080 943560822 92.78712763925981
9843486080 9843486079 80.81993482236965
9843486080 10262211498 23.385907123621358
9843486080 9843486079 80.81993482236965
9843486080 943560822 92.7871276392598
9843486080 10262211498 23.385907123621358
10225136820 943560822 105.86010113599339
10225136820 9794237541 86.26218800709613
10225136820 943560822 105.86010113599339
943640734 6191789609 70.73535170110954
943641058 938372517 255.8941728064047
971653360 267197830 105.81014023456254
971653360 3743678685 465.0591117059226
971653360 3743678685 465.05911170592253
974362888 3047095605 62.350698229357675
974362888 1349092028 23.380124978893647
974362888 11024823774 17.02688250426844
974362888 1349092028 23.380124978893647
974362888 3047095605 62.350698229357675
974362888 11024823774 17.02688250426844
3047095605 974362888 62.350698229357675
3047095605 1376300341 43.64225641310994
3047095605 10994014909 5.148220602356222
3047095605 974362888 62.350698229357675
3047095605 1376300341 43.64225641310994
3047095605 10994014909 5.148220602356222
1349092028 974362888 23.380124978893647
1349092028 974362889 14.53965590838644
1349092028 1349092029 86.49733295678887
1349092028 974362889 14.53965590838644
1349092028 974362888 23.380124978893647
1349092028 1349092029 86.49733295678887
11024823774 974362888 17.02688250426844
11024823774 9873677665 5.7092886680235475
11024823774 974362888 17.02688250426844
11024823774 9873677665 5.7092886680235475
11024823774 11024823775 42.35965465029612
11024823774 11024823775 42.35965465029612
974362889 1349092045 7.116805458023576
974362889 1349092028 14.53965590838644
974362889 1376300341 51.48132385088951
974362889 1349092028 14.53965590838644
974362889 1349092045 7.116805458023576
974362889 1376300341 51.48132385088952
1349092045 974362889 7.116805458023576
1349092045 1349092053 31.433011262080463
1349092045 974362889 7.116805458023576
1349092045 1349092069 85.40089410168994
1349092045 1349092053 31.433011262080463
1349092045 1349092069 85.40089410168994
1191294738 1191294827 39.302246838135474
1191294738 1191294827 39.302246838135474
1191294827 1191294738 39.302246838135474
1191294827 1191294743 75.2360622142578
1191294827 4231387111 59.16112787644146
1191294827 1191294743 75.23606221425781
1191294827 1191294738 39.302246838135474
1191294827 4231387111 59.16112787644146
1191294743 1191294833 53.01355734696188
1191294743 1191294827 75.2360622142578
1191294743 4231387111 274.51737229110955
1191294743 1191294827 75.23606221425781
1191294743 1191294833 53.01355734696188
1191294743 4231387111 274.51737229110955
1191294833 1191294743 53.01355734696188
1191294833 1191294743 53.01355734696188
1191294833 5799663735 60.46924777403264
4231387111 1191294743 274.51737229110955
4231387111 1191294827 59.16112787644146
4231387111 4231387109 137.29365782917208
4231387111 4231387109 137.29365782917208
4231387111 1191294827 59.16112787644146
4231387111 1191294743 274.51737229110955
1191294765 1191294803 65.42761299185082
1191294788 9857860410 39.43156893034777
1191294788 3661513071 159.37192599367293
1191294788 1191294802 140.24481918310826
1191294788 1191294802 140.24481918310826
1191294788 3661513071 159.37192599367293
1191294788 9857860410 39.43156893034777
3661513071 1191294788 159.37192599367293
3661513071 9179118868 13.838661592817774
3661513071 10262384323 50.41390935974169
3661513071 1191294788 159.37192599367293
3661513071 9179118868 13.838661592817774
3661513071 10262384323 50.41390935974169
1191294802 1191294788 140.24481918310826
1191294802 9857860406 61.38889402524518
1191294802 1191294788 140.24481918310826
1191294802 1191294813 70.42665180644372
1191294802 1191294813 70.42665180644372
1191294802 9857860406 61.38889402524518
9857860406 1191294802 61.38889402524518
9857860406 1191294802 61.38889402524518
1191294803 1869716891 58.492751870553704
1191294803 3947529835 199.9662667898025
1191294803 3947529835 199.96626678980252
3947529835 1191294803 199.9662667898025
3947529835 1191294803 199.96626678980252
3947529835 4083436490 31.319810737791936
4808285378 1191294813 185.85301991650203
4808285378 7232925570 105.53436465324761
4808285378 1191294813 185.85301991650203
4808285378 6552977584 156.12262079397266
4808285378 6552977584 156.12262079397266
4808285378 7232925570 105.53436465324761
1271972179 267249911 102.82910169847689
1309626385 249786895 38.618251770044836
1309626391 1309626385 25.73504804031822
1309626396 1309626400 20.0416001860538
1309626396 1309626422 261.3205659103993
1309626400 6702715261 27.73426713657787
1309626424 1309626425 10.678164394604616
1309626424 267251573 71.1365073732117
1309626425 6702715313 9.624126836553495
1309626425 9221708422 74.35974463872239
11655342595 1309626438 8.656060357344195
11655342595 1309626438 8.656060357344195
11655342595 1309626441 100.93638606970242
1309626442 1309626441 10.59093494634999
1309626442 1309626441 10.59093494634999
1309626442 1556471313 80.77954729411668
1309626442 1309626438 101.51761383979083
1309626442 1556471313 80.77954729411668
1309626444 267250978 8.280801132456332
1309626444 6437715963 27.619521368903392
1309626482 1762945073 108.65830485105772
1309626482 249783291 53.009395203091984
1349092048 1349091937 24.86715006867992
1349092048 1349091978 72.25393079707742
1349092048 1349092071 22.81912005626176
1349092048 1349091937 24.86715006867992
1349092048 1349091978 72.25393079707742
1349092048 1349092086 114.18807617289168
1349092048 1349092071 22.81912005626176
1349092048 1349092086 114.18807617289167
1349091938 1349092037 23.247140572932924
1349091938 1349091957 134.20796802289695
1349091938 1349092030 29.092889906437524
1349091938 1349091957 134.20796802289695
1349091938 1349092030 29.092889906437524
1349091938 1349092037 23.247140572932924
1349091957 1349091938 134.20796802289695
1349091957 1349091949 24.747451297184284
1349091957 1349091949 24.747451297184284
1349091957 1349092071 23.974322048303126
1349091957 1349091938 134.20796802289695
1349091957 1349092064 112.5706376832042
1349091957 1349092064 112.5706376832042
1349091957 1349092071 23.974322048303126
1349092003 1349091939 31.27523795589269
1349092003 1349091939 31.27523795589269
1349092052 1349091939 25.839827683485932
1349092052 1349091986 64.55426868153815
1349092052 1349091986 64.55426868153815
1349092052 2657888913 126.9808418252882
1349092052 1349091939 25.839827683485932
1349092052 2657888913 126.98084182528817
1349091940 1349091996 10.610973682898837
1349091940 1349091974 49.2439552865214
1349091940 1349092059 50.83016319564024
1349091940 1349091974 49.2439552865214
1349091940 1349091996 10.610973682898837
1349091940 1349092059 50.83016319564024
1349091974 1349091940 49.2439552865214
1349091974 1349091940 49.2439552865214
1349091974 1349092078 30.131814100744453
1349091974 1349092070 137.9218573340833
1349091974 1349092070 137.92185733408334
1349091974 1349092078 30.131814100744453
1349092059 1349091940 50.83016319564024
1349092059 1349092049 32.06433442169268
1349092059 1349092070 35.878027857022566
1349092059 1349092049 32.06433442169268
1349092059 1349091940 50.83016319564024
1349092059 1349092070 35.878027857022566
1349091941 1349091998 29.43036342091393
1349091941 1349092000 16.35201738942062
1349091941 1349092096 27.329976093916265
1349091941 1349092069 35.10318709285668
1349091941 1349091998 29.43036342091393
1349091941 1349092000 16.35201738942062
1349091941 1349092069 35.10318709285668
1349091941 1349092096 27.329976093916265
1349091998 1349091941 29.43036342091393
1349091998 1349092046 21.496647536104057
1349091998 1349091941 29.43036342091393
1349091998 1349092001 40.24539516576072
1349091998 1349092001 40.24539516576072
1349091998 1349092046 21.496647536104057
1349092000 1349091941 16.35201738942062
1349092000 1349091941 16.35201738942062
1349092096 1349091941 27.329976093916265
1349092096 1349091990 86.60661445763454
1349092096 1349092017 94.83268963840979
1349092096 1349091941 27.329976093916265
1349092096 1349092017 94.83268963840979
1349092096 1349091990 86.60661445763454
1349092069 1349091941 35.10318709285668
1349092069 1349092001 25.693320430664407
1349092069 1349092045 85.40089410168994
1349092069 1349092053 87.84860487625514
1349092069 1349091941 35.10318709285668
1349092069 1349092001 25.693320430664407
1349092069 1349092053 87.84860487625515
1349092069 1349092045 85.40089410168994
1349091950 1349091979 109.74351788132014
1349091950 1349091969 23.098069673559422
1349091950 1349091977 24.25046728761226
1349091950 1349091969 23.098069673559422
1349091950 1349091977 24.25046728761226
1349091950 1349091979 109.74351788132014
1349091979 1349091950 109.74351788132014
1349091979 1349091960 25.522778054811255
1349091979 1349091960 25.522778054811255
1349091979 1349092035 22.901006197158654
1349091979 1349091950 109.74351788132014
1349091979 1349091984 160.15200101572944
1349091979 1349091984 160.15200101572944
1349091979 1349092035 22.901006197158654
1349091969 1349091950 23.098069673559422
1349091969 1349091950 23.098069673559422
1349091969 1349091985 29.9638059414384
1349091969 1349092035 110.81332192540964
1349091969 1349091985 29.9638059414384
1349091969 1349092035 110.81332192540964
1349091977 1349091950 24.25046728761226
1349091977 1349091960 109.7967822545622
1349091977 1349091950 24.25046728761226
1349091977 1349091981 24.129095024543666
1349091977 1349091960 109.7967822545622
1349091977 1349091981 24.129095024543666
1349091958 1349091954 31.032765664974427
1349091958 1349091954 31.032765664974427
1349092071 1349091957 23.974322048303126
1349092071 1349092030 128.9745039705359
1349092071 1349092048 22.81912005626176
1349092071 1349091957 23.974322048303126
1349092071 1349092048 22.81912005626176
1349092071 1349092030 128.9745039705359
1349092071 1349092095 113.59654155346016
1349092071 1349092095 113.59654155346016
1349091960 1349092081 23.33815027823892
1349091960 1349091979 25.522778054811255
1349091960 1349092090 158.73197950478217
1349091960 1349091977 109.7967822545622
1349091960 1349091977 109.7967822545622
1349091960 1349091979 25.522778054811255
1349091960 1349092081 23.33815027823892
1349091960 1349092090 158.73197950478217
1349092081 1349091960 23.33815027823892
1349092081 1349091963 156.1450235062619
1349092081 1349091981 109.7069060832729
1349092081 1349092018 24.749403064059322
1349092081 1349092018 24.749403064059322
1349092081 1349091960 23.33815027823892
1349092081 1349091981 109.7069060832729
1349092081 1349091963 156.1450235062619
1349092090 1349091960 158.73197950478217
1349092090 1349091963 22.72072937724849
1349092090 1349091984 22.808282533197854
1349092090 1349091963 22.72072937724849
1349092090 1349091984 22.808282533197854
1349092090 1349091960 158.73197950478217
1349091961 1349091994 33.46826305927523
1349091961 1349091994 33.46826305927523
1349091994 1349091961 33.46826305927523
1349091994 1349091992 45.30681276172552
1349091994 1349091992 45.30681276172552
1349091994 1349091961 33.46826305927523
1349091994 1349092023 25.924490313949917
1349091994 1349092023 25.924490313949917
1349091963 1349091991 25.596467612344952
1349091963 1349092090 22.72072937724849
1349091963 1349092081 156.1450235062619
1349091963 1349091991 25.596467612344952
1349091963 1349092081 156.1450235062619
1349091963 1349092090 22.72072937724849
1349091991 1349091963 25.596467612344952
1349091991 1349092033 26.868292536130618
1349091991 1349091963 25.596467612344952
1349091991 1349092018 156.46920174516947
1349091991 1349092018 156.46920174516947
1349091991 1349092033 26.868292536130618
1349091985 1349091969 29.9638059414384
1349091985 1349091969 29.9638059414384
1349091985 1349091982 55.25856355969924
1349092035 1349091969 110.81332192540964
1349092035 1349091979 22.901006197158654
1349092035 1349092009 24.308892252476657
1349092035 1349091979 22.901006197158654
1349092035 1349092009 24.308892252476657
1349092035 1349092065 159.16513432222342
1349092035 1349091969 110.81332192540964
1349092035 1349092065 159.16513432222342
1349092078 1349091974 30.131814100744453
1349092078 1349091974 30.131814100744453
1349092070 1349091974 137.9218573340833
1349092070 1349092057 18.56543180776008
1349092070 1349092059 35.878027857022566
1349092070 1349092059 35.878027857022566
1349092070 1349092057 18.56543180776008
1349092070 1349091974 137.92185733408334
1349091981 1349091977 24.129095024543666
1349091981 1349092081 109.7069060832729
1349091981 1349091977 24.129095024543666
1349091981 1349092081 109.7069060832729
1349091984 1349091979 160.15200101572944
1349091984 1349092090 22.808282533197854
1349091984 1349092065 24.73998095358803
1349091984 1349091979 160.15200101572944
1349091984 1349092065 24.73998095358803
1349091984 1349092090 22.808282533197854
1349091986 1349092052 64.55426868153815
1349091986 1349092038 60.67779872337984
1349091986 2657888911 70.96548921626339
1349091986 1349092038 60.67779872337984
1349091986 1349092052 64.55426868153815
1349091986 2657888911 70.96548921626339
2657888911 1349091986 70.96548921626339
2657888911 616563687 147.87426518717302
2657888911 1349091986 70.96548921626339
1349092053 1349091990 52.44744657022966
1349092053 1349092045 31.433011262080463
1349092053 1349091990 52.44744657022966
1349092053 1349092045 31.433011262080463
1349092053 1349092069 87.84860487625514
1349092053 1349092069 87.84860487625515
1349092033 1349091991 26.868292536130618
1349092033 1349092032 75.1776960833861
1349092033 1349091991 26.868292536130618
1349092033 1349092032 75.1776960833861
1349092018 1349091991 156.46920174516947
1349092018 1349092081 24.749403064059322
1349092018 1349091991 156.46920174516947
1349092018 1349092081 24.749403064059322
1349091992 1349092038 44.64705706527455
1349091992 1349091994 45.30681276172552
1349091992 6541906285 230.26360251453832
1349091992 1349091994 45.30681276172552
1349091992 1349092038 44.64705706527455
1349091992 6541906285 230.26360251453832
6541906285 1349091992 230.26360251453832
6541906285 6541904382 110.58939895441918
6541906285 6541904384 82.49623944472988
6541906285 6541904384 82.49623944472988
6541906285 6541904382 110.58939895441918
6541906285 1349091992 230.26360251453832
1349092023 1349091994 25.924490313949917
1349092023 1349091994 25.924490313949917
1349092049 1349091996 91.4301735183683
1349092049 1349092059 32.06433442169268
1349092049 1349092054 21.727779869283097
1349092049 1349091996 91.4301735183683
1349092049 1349092054 21.727779869283097
1349092049 1349092059 32.06433442169268
1349092046 1349091998 21.496647536104057
1349092046 1349091998 21.496647536104057
1349092046 9873655562 141.01706758434295
1349092046 1349092077 90.45595411796636
1349092046 1349092077 90.45595411796636
1349092046 9873655562 141.01706758434293
1349092001 1349091998 40.24539516576072
1349092001 1349092029 34.208789199485864
1349092001 1349091998 40.24539516576072
1349092001 1349092069 25.693320430664407
1349092001 1349092029 34.208789199485864
1349092001 1349092069 25.693320430664407
1349092014 13991917687 9.71000439343059
1349092014 4774765615 65.68886953631606
1349092014 11778278948 144.76882544043843
1349092014 4774765615 65.68886953631606
1349092014 11778278948 144.76882544043843
1349092014 13991917687 9.71000439343059
13991917687 1349092014 9.71000439343059
13991917687 4774765614 107.49678282689865
13991917687 1349092014 9.71000439343059
13991917687 13991917688 65.38531671470061
13991917687 4774765614 107.49678282689865
13991917687 13991917688 65.38531671470061
11778278948 1349092014 144.76882544043843
11778278948 11778278947 9.562426160491016
11778278948 11778278947 9.562426160491016
11778278948 1349092014 144.76882544043843
11778278948 10274798171 58.97403275052608
1349092015 1349092055 29.021888877261908
1349092015 1349092050 43.878828446465995
1349092015 1349092016 72.29691662149718
1349092015 1349092016 72.29691662149718
1349092015 1349092050 43.878828446465995
1349092015 1349092055 29.021888877261908
1349092016 1349092015 72.29691662149718
1349092016 1349092024 32.78289570414349
1349092016 1349092043 128.90980614060715
1349092016 1349092015 72.29691662149718
1349092016 1349092024 32.78289570414349
1349092016 1349092043 128.90980614060715
1349092024 1349092016 32.78289570414349
1349092024 1349092016 32.78289570414349
1349092024 1349092094 35.92391062924019
1349092024 1349092055 75.89704040064265
1349092024 9874283602 89.71065899922894
1349092024 1349092055 75.89704040064265
1349092024 1349092094 35.92391062924019
1349092024 9874283602 89.71065899922894
1349092017 1349092054 31.333561187788042
1349092017 1349092096 94.83268963840979
1349092017 1376266492 21.204755392227618
1349092017 1349092054 31.333561187788042
1349092017 1349092096 94.83268963840979
1349092017 1376266492 21.204755392227618
1349092054 1349092017 31.333561187788042
1349092054 1349092049 21.727779869283097
1349092054 1349092017 31.333561187788042
1349092054 1349092049 21.727779869283097
1349092054 1349092073 12.91334651150196
1349092054 1349092073 12.91334651150196
1376266492 1349092017 21.204755392227618
1376266492 1349092063 20.2164056314827
1376266492 1349092017 21.204755392227618
1376266492 1376266494 37.195674898610704
1376266492 1349092063 20.2164056314827
1376266492 1376266494 37.195674898610704
1349092032 1349092076 19.079894867841254
1349092032 1349092033 75.1776960833861
1349092032 6541904383 4.615740390670305
1349092032 1349092033 75.1776960833861
1349092032 1349092076 19.079894867841254
1349092032 6541904383 4.615740390670305
1349092076 1349092032 19.079894867841254
1349092076 1349092032 19.079894867841254
6541904383 1349092032 4.615740390670305
6541904383 6541904382 93.5798830311051
6541904383 6541904382 93.5798830311051
6541904383 6541904384 123.90008126470302
6541904383 1349092032 4.615740390670305
6541904383 6541904384 123.90008126470302
9873655600 1349092041 31.93812589726216
9873655600 1802509331 14.408561619747966
9873655600 9873655598 64.39140434169708
9873655600 1802509331 14.408561619747966
9873655600 9873655598 64.39140434169708
9873655600 1349092041 31.93812589726216
9873655600 13683334003 88.38816431897956
9873655600 13683334003 88.38816431897956
1349092077 1349092046 90.45595411796636
1349092077 1349092073 16.03459128391611
1349092077 1349092073 16.03459128391611
1349092077 9873655562 81.19893220846069
1349092077 1349092046 90.45595411796636
1349092077 9873655562 81.19893220846069
1349092086 1349092048 114.18807617289168
1349092086 1349092095 24.385003716616755
1349092086 1349092091 25.61239014023628
1349092086 1349092048 114.18807617289167
1349092086 1349092091 25.61239014023628
1349092086 1349092095 24.385003716616755
2657888913 1349092052 126.9808418252882
2657888913 2657888911 91.7911837342842
2657888913 1349092052 126.98084182528817
1349092073 1349092054 12.91334651150196
1349092073 1349092054 12.91334651150196
1349092073 1349092077 16.03459128391611
1349092073 9873655558 68.57028873256144
1349092073 1349092077 16.03459128391611
1349092073 9873655558 68.57028873256145
1349092063 1349092057 53.205685455183044
1349092063 1349092057 53.205685455183044
1349092063 1376266492 20.2164056314827
1349092063 1376266494 32.41618085036863
1349092063 1376266492 20.2164056314827
1349092063 1376266494 32.41618085036864
1376266494 1349092063 32.41618085036863
1376266494 1376266468 36.98322724022927
1376266494 1376266492 37.195674898610704
1376266494 1376266468 36.98322724022927
1376266494 1349092063 32.41618085036864
1376266494 1376266492 37.195674898610704
1349092095 1349092064 23.718778554460975
1349092095 1349092071 113.59654155346016
1349092095 1349092086 24.385003716616755
1349092095 1349092064 23.718778554460975
1349092095 1349092086 24.385003716616755
1349092095 1349092071 113.59654155346016
9873655558 1349092073 68.57028873256144
9873655558 1349092073 68.57028873256145
1368046429 267259270 279.3451425064207
1368046429 9794237531 11.17229061200962
1368046436 6742341897 26.824983783261764
9179109985 1376300238 118.61478581643814
9179109985 1376300298 10.608613010369197
9179109985 1376300298 10.608613010369197
9179109985 9873623160 55.39888691436801
9179109985 1376300238 118.61478581643814
9179109985 9873623160 55.39888691436801
10993972259 1376300341 85.36916548333087
10993972259 1376300341 85.36916548333087
1588306351 1588306353 27.00615428104358
1588306351 9179118827 103.69122886149324
1588306351 1588306353 27.00615428104358
1588306353 1588306351 27.00615428104358
1588306353 9874317378 17.604468390790174
1588306353 1588306351 27.00615428104358
1588306353 7471269551 16.515749947187956
1588306353 7471269551 16.515749947187956
1588306353 9874317378 17.604468390790174
1588306352 1588306351 73.81260873760222
1588306352 1588306357 35.79484737889176
1588306352 1588306357 35.79484737889176
9874317378 1588306353 17.604468390790174
9874317378 9179118826 83.97842465735401
9874317378 9179118833 84.24025106130637
9874317378 9179118826 83.97842465735401
9874317378 1588306353 17.604468390790174
9874317378 9179118833 84.24025106130637
7471269551 1588306353 16.515749947187956
7471269551 1588306353 16.515749947187956
7471269551 12213881799 70.13876955564722
7471269551 13083894305 24.20556827116212
7471269551 12213881799 70.13876955564722
7471269551 13083894305 24.20556827116212
10289210645 1588306357 79.54355212496807
10289210645 1588306358 48.9681392645146
10289210645 1588306357 79.54355212496807
10289210645 1588306358 48.9681392645146
10289210645 10289210647 52.79111582756819
10289210645 10289210647 52.79111582756819
7084322359 1588306360 111.52228980111502
7084322359 1588306360 111.52228980111502
1588306366 1588306360 78.5418118049519
1588306366 7469479224 35.65170822530863
1588306366 1588306360 78.5418118049519
1588306366 7469479224 35.65170822530863
7469479224 1588306366 35.65170822530863
7469479224 1588306366 35.65170822530863
6439164662 1666858658 117.40007201842408
6439164662 1666858658 117.40007201842408
6439164662 6439164658 43.345709976526514
10996521841 1666858658 14.897427632475457
10996521841 2967264854 37.5487478584211
10996521841 2967264858 146.71192312144981
10996521841 2967264858 146.71192312144981
10996521841 2967264854 37.5487478584211
10996521841 1666858658 14.897427632475457
3648355189 1666858658 317.9105081982218
3648355189 9873677637 32.54830407449743
3648355189 3648355191 90.73767087412232
3648355189 1666858658 317.91050819822186
3648355189 3648355191 90.73767087412232
3648355189 9873677637 32.54830407449743
1762944960 9234696672 105.45195494953222
1762944960 1762945073 100.88525992350274
1762944960 6649221980 100.21182608673742
1762944960 1762945073 100.88525992350274
1762944960 6649221980 100.21182608673742
1762944960 9234696672 105.45195494953222
9234696672 1762944960 105.45195494953222
9234696672 1762944963 9.775874245886946
9234696672 1762944963 9.775874245886946
9234696672 1762944960 105.45195494953222
1762945073 1762944960 100.88525992350274
1762945073 1762944960 100.88525992350274
1762945073 3504623687 246.02679976091147
6649221980 1762944960 100.21182608673742
6649221980 6649221978 169.27673158089573
6649221980 6649221979 149.84184420500515
6649221980 6649221979 149.84184420500515
6649221980 1762944960 100.21182608673742
6649221980 6649221978 169.27673158089573
1762944963 3744502776 109.59334074956922
1762944963 9234696672 9.775874245886946
1762944963 9234696672 9.775874245886946
1762977390 249783313 49.75038769291613
1762977390 13564369596 165.22850046807386
1762977390 13564369596 165.22850046807386
13564369596 1762977390 165.22850046807386
13564369596 6720350039 8.296165622887639
13564369596 13564369581 325.331510698035
13564369596 13564369581 325.331510698035
13564369596 6720350039 8.296165622887639
13564369596 13927682234 63.310016717874625
13564369596 1762977390 165.22850046807386
13564369596 13927682234 63.31001671787462
1762977414 6720350030 8.725395691195315
1762977414 432874009 683.4436882929024
1762977414 6720350030 8.725395691195315
6720350030 1762977414 8.725395691195315
6720350030 1762977390 6.798905716787179
6720350030 1762977414 8.725395691195315
1762977534 1869716895 145.7436984176063
1762989517 6702699408 39.47512967629254
1762989519 1762989529 29.839027855313205
1762989529 3742418047 273.37248890667985
1762989529 3742418043 44.82578919673478
1762989545 6742341855 39.49573888240258
1762989545 1762989519 30.836769179661054
1762989550 6702715320 215.03813108721505
1762989550 6702715325 41.41236202080092
1762989550 6702715320 215.03813108721508
6702715320 1762989550 215.03813108721505
6702715320 267196320 24.672572376838197
6702715320 1762989550 215.03813108721508
1763009596 458640643 454.11320642455803
1763141108 1763141120 16.497046505405574
1763141108 1763141124 26.079216307977617
1763141108 1763141125 53.86696981447454
1763141108 1763141120 16.497046505405574
1763141108 1763141124 26.079216307977617
1763141108 1763141125 53.86696981447454
1763141120 1763141108 16.497046505405574
1763141120 1763141108 16.497046505405574
1763141124 1763141108 26.079216307977617
1763141124 1763141115 53.944457750558335
1763141124 1763141108 26.079216307977617
1763141124 9873677619 21.032078696503568
1763141124 1763141115 53.944457750558335
1763141124 9873677619 21.032078696503568
1763141125 1763141108 53.86696981447454
1763141125 1763141115 25.612725849474714
1763141125 1763141116 26.51547103875373
1763141125 9873677621 24.75301399523864
1763141125 1763141115 25.612725849474714
1763141125 1763141108 53.86696981447454
1763141125 1763141116 26.51547103875373
1763141125 9873677621 24.75301399523864
1763141111 10617616678 78.39022625329353
1763141111 10617616678 78.39022625329353
10617616678 1763141111 78.39022625329353
10617616678 9179109964 26.589228784527865
10617616678 9179109964 26.589228784527865
10617616678 1763141111 78.39022625329353
10617616678 10617616680 203.79736288518862
10617616678 10617616680 203.79736288518862
1763141112 1763141118 27.26189903770724
1763141112 9179109967 28.52323674371866
1763141112 2967264862 49.34586133977928
1763141112 1763141118 27.26189903770724
1763141112 2967264862 49.34586133977928
1763141112 9179109967 28.52323674371866
1763141118 1763141112 27.26189903770724
1763141118 1763141117 28.096009510325793
1763141118 1763141117 28.096009510325793
1763141118 1763141112 27.26189903770724
1763141118 9179109962 69.11144983221541
1763141118 9179109962 69.11144983221541
9179109967 1763141112 28.52323674371866
9179109967 1763141116 105.24571675984122
9179109967 1763141117 27.59457016262925
9179109967 9179109965 50.3451879173555
9179109967 1763141112 28.52323674371866
9179109967 1763141116 105.24571675984122
9179109967 1763141117 27.59457016262925
9179109967 9179109965 50.3451879173555
2967264862 1763141112 49.34586133977928
2967264862 2967264859 31.47481716984405
2967264862 1763141112 49.34586133977928
2967264862 9179109965 29.104035423976942
2967264862 2967264859 31.47481716984405
2967264862 9179109965 29.104035423976942
1763141115 1763141125 25.612725849474714
1763141115 9873677620 22.738323768392355
1763141115 1763141124 53.944457750558335
1763141115 1763141124 53.944457750558335
1763141115 1763141125 25.612725849474714
1763141115 9873677620 22.738323768392355
9873677620 1763141115 22.738323768392355
9873677620 9873677619 54.47173692096774
9873677620 1763141115 22.738323768392355
9873677620 9873677623 25.128789125357454
9873677620 9873677619 54.47173692096774
9873677620 9873677623 25.128789125357454
1763141116 9179109967 105.24571675984122
1763141116 1763141121 22.869354126587787
1763141116 1763141125 26.51547103875373
1763141116 1763141121 22.869354126587787
1763141116 1763141125 26.51547103875373
1763141116 9179109967 105.24571675984122
1763141121 1763141116 22.869354126587787
1763141121 1763141116 22.869354126587787
1763141117 9873677623 31.252145715947965
1763141117 1763141118 28.096009510325793
1763141117 1763141123 56.524140338501404
1763141117 9179109967 27.59457016262925
1763141117 1763141118 28.096009510325793
1763141117 1763141123 56.524140338501404
1763141117 9179109967 27.59457016262925
1763141117 9873677623 31.252145715947965
9873677623 1763141117 31.252145715947965
9873677623 9873677620 25.128789125357454
9873677623 9873677622 55.19614548269722
9873677623 9873677620 25.128789125357454
9873677623 1763141117 31.252145715947965
9873677623 9873677622 55.19614548269722
1763141123 1763141117 56.524140338501404
1763141123 9873677622 27.725483855214186
1763141123 1763141117 56.524140338501404
1763141123 9179109963 31.15528241253022
1763141123 9179109963 31.155282412530223
1763141123 9873677622 27.725483855214186
9179109962 1763141118 69.11144983221541
9179109962 2967264854 34.58155183406819
9179109962 9179109963 9.176770044799474
9179109962 2967264854 34.58155183406819
9179109962 1763141118 69.11144983221541
9179109962 9179109963 9.176770044799474
9873677622 1763141123 27.725483855214186
9873677622 9873677619 26.23809483334803
9873677622 9873677619 26.23809483334803
9873677622 1763141123 27.725483855214186
9873677622 9873677623 55.19614548269722
9873677622 9873677623 55.19614548269722
9179109963 1763141123 31.15528241253022
9179109963 9179109962 9.176770044799474
9179109963 9179109962 9.176770044799474
9179109963 9179109964 72.81211984583683
9179109963 1763141123 31.155282412530223
9179109963 9179109964 72.81211984583683
9873677619 1763141124 21.032078696503568
9873677619 1763141124 21.032078696503568
9873677619 9873677622 26.23809483334803
9873677619 9873677620 54.47173692096774
9873677619 9873677620 54.47173692096774
9873677619 9873677622 26.23809483334803
9873677621 1763141125 24.75301399523864
9873677621 1763141125 24.75301399523864
1763864242 11841197775 12.512700185530228
1763864242 938409674 35.49861013522604
1763864248 938409610 12.043997659229408
1763864248 1763864297 68.45616437658248
1763864297 9873910568 435.0052048341718
1763864329 938409521 388.38531125869554
1802509331 9873655600 14.408561619747966
1802509331 450633478 143.39344991781593
1802509331 9873655600 14.408561619747966
1802525706 1802525712 259.0055029235915
1802525706 1802525712 259.0055029235915
1802525712 1802525706 259.0055029235915
1802525712 5638613761 50.53777780709649
1802525712 1802525706 259.0055029235915
1802525707 9843212108 84.10127580013045
1802525707 9843274057 104.62987051513873
1802525707 1869899442 421.6925879029179
1802525707 1869899442 421.6925879029179
1802525707 9843212108 84.10127580013045
1802525707 9843274057 104.62987051513873
9843212108 1802525707 84.10127580013045
9843212108 1802525717 30.3707985484585
9843212108 9843212091 26.42456854347773
9843212108 9843212091 26.42456854347773
9843212108 1802525717 30.3707985484585
9843212108 1802525707 84.10127580013045
9843274057 1802525707 104.62987051513873
9843274057 1802525708 147.4884103091182
9843274057 1802525707 104.62987051513873
9843274057 1802525708 147.48841030911822
9843274057 12488276426 239.69383577681663
9843274057 12488276426 239.6938357768166
1869899442 1802525707 421.6925879029179
1869899442 11015635312 140.73695474633058
1869899442 1802525707 421.6925879029179
1802525708 4234992497 13.723914364130616
1802525708 562591589 264.0526210110449
1802525708 9843274057 147.4884103091182
1802525708 4234992497 13.723914364130616
1802525708 9843274057 147.48841030911822
4234992497 1802525708 13.723914364130616
4234992497 9843216013 65.0303844154039
4234992497 1802525708 13.723914364130616
4234992497 562591572 146.75194679867835
4234992497 9843216013 65.0303844154039
1802525711 6531650304 68.94777676340249
1802525711 11015635321 39.52618724750633
1802525711 11015635321 39.52618724750633
11015635321 1802525711 39.52618724750633
11015635321 11015635309 68.04644079292612
11015635321 11015635309 68.04644079292612
11015635321 1802525711 39.52618724750633
11015635321 11015635323 48.13033983468636
11015635321 11015635323 48.13033983468636
1802525717 345234471 382.4123283421854
1802525717 9843212108 30.3707985484585
1802525717 9843212108 30.3707985484585
1869716862 3744502776 31.72379195691557
1869716862 939091064 26.023861269483454
1869716889 1191294765 135.24217675905732
1869716889 249782331 110.2398644756411
1869716891 1869716913 134.0701912330237
1869716891 249782343 108.6156481852767
1869716895 562591601 359.7110106129312
1869716895 249783308 161.38191385687705
1869716906 1869716889 139.1347716179847
1869716913 267198394 132.34802351634482
1869716913 249782349 109.19358762453366
1869716916 267247464 42.42843374953804
1869716916 12836557588 52.37046772486876
1869716945 267198392 120.9034601854957
1869716945 9880451646 89.38208410167566
3177903051 1869716959 60.88694363865496
3177903051 11006971219 73.20790245451325
3177903051 1869716959 60.88694363865496
3177903051 9843218529 119.52244611227795
3177903051 9843218529 119.52244611227795
3177903051 11006971219 73.20790245451325
2431986249 5792664579 147.44759634908155
2431986249 2431986255 108.13563834118662
2431986249 2431986255 108.13563834118662
2431986255 2431986249 108.13563834118662
2431986255 4231387109 82.69677293537565
2431986255 4398510560 35.980932024061694
2431986255 2431986249 108.13563834118662
2431986255 4231387109 82.69677293537565
2431986255 4398510560 35.980932024061694
4231387109 2431986255 82.69677293537565
4231387109 2431986256 87.58562116875451
4231387109 2431986255 82.69677293537565
4231387109 4231387111 137.29365782917208
4231387109 2431986256 87.58562116875451
4231387109 4231387111 137.29365782917208
4398510560 2431986255 35.980932024061694
4398510560 2431986255 35.980932024061694
2431986256 4231387109 87.58562116875451
2431986256 249783293 306.23861956155764
2431986256 4231387109 87.58562116875451
2431986321 11015452662 20.318953224947055
2431986321 9843212114 56.6895900919499
2431986321 11015452662 20.318953224947055
2592537501 5681450601 217.58950000079642
2592537501 249783291 120.44552927090226
2592537501 5681450601 217.58950000079645
5681450601 2592537501 217.58950000079642
5681450601 2592537501 217.58950000079645
5681450601 5809063022 259.55933090388373
2592537503 13018550234 33.23196830740611
2592537503 2592537506 72.45929508224316
2592537503 11015446883 72.27752240257496
2592537503 2592537506 72.45929508224316
2592537503 11015446883 72.27752240257496
2592537503 13018550234 33.23196830740611
13018550234 2592537503 33.23196830740611
13018550234 2592537503 33.23196830740611
13018550234 562591570 10.38552993693801
2592537506 2592537503 72.45929508224316
2592537506 2592537508 151.7423819590231
2592537506 2592537503 72.45929508224316
2592537506 2592537520 131.08666370576503
2592537506 2592537508 151.7423819590231
2592537506 2592537520 131.08666370576503
11015446883 2592537503 72.27752240257496
11015446883 9713061604 173.38645732303164
11015446883 11015440232 70.99331477624271
11015446883 2592537503 72.27752240257496
11015446883 11015440232 70.99331477624271
11015446883 9713061604 173.3864573230316
2592537508 2592537506 151.7423819590231
2592537508 10274798175 41.33717383360816
2592537508 2592537506 151.7423819590231
2592537508 2592537518 81.28232281079435
2592537508 2592537518 81.28232281079435
2592537508 10274798175 41.33717383360816
2592537520 2592537506 131.08666370576503
2592537520 2592537518 128.12251980455616
2592537520 9843216016 64.48509500000513
2592537520 2592537506 131.08666370576503
2592537520 2592537518 128.1225198045562
2592537520 9843216016 64.48509500000513
10274798175 2592537508 41.33717383360816
10274798175 9843218520 34.03558136739542
10274798175 9843353235 36.353139208057314
10274798175 2592537508 41.33717383360816
10274798175 9843353235 36.353139208057314
10274798175 9843218520 34.03558136739542
2592537518 2592537508 81.28232281079435
2592537518 2592537508 81.28232281079435
2592537518 9843216016 71.58701267480679
2592537518 2592537520 128.12251980455616
2592537518 2592537520 128.1225198045562
2592537518 9843216016 71.58701267480679
2592537510 345234446 40.09061071353526
2592537510 9843353236 34.0547768097154
2592537510 9843353236 34.0547768097154
9843353236 2592537510 34.0547768097154
9843353236 9843218520 14.888391139461522
9843353236 9843353235 43.540513162535326
9843353236 9843353235 43.540513162535326
9843353236 2592537510 34.0547768097154
9843353236 9843218520 14.888391139461522
9843216016 2592537518 71.58701267480679
9843216016 2592537520 64.48509500000513
9843216016 6439049449 45.16135307003227
9843216016 2592537520 64.48509500000513
9843216016 2592537518 71.58701267480679
9843216016 6439049449 45.16135307003227
2715812712 345234450 8.771963684673546
2729133220 915473666 217.1509177847606
2729133220 2978721077 185.717916990271
2729133220 2978721077 185.717916990271
2978721077 2729133220 185.717916990271
2978721077 9843353246 71.34773971522137
2978721077 2729133220 185.717916990271
2978721077 2978721080 139.58802091492663
2978721077 2978721080 139.58802091492663
2978721077 9843353246 71.34773971522137
2933066913 2933066916 91.3158350047035
2933066913 1668978741 160.70106305318828
2933066913 2933066916 91.3158350047035
2933066916 2933066913 91.3158350047035
2933066916 2933066913 91.3158350047035
2933066916 2933066927 40.29088508620409
2933066919 11676043748 50.48593494395257
2933066919 2933066916 21.446808900362388
2933066919 11676043748 50.48593494395257
11676043748 2933066919 50.48593494395257
11676043748 2933066919 50.48593494395257
2933066927 12145993614 67.0176332690448
2933066927 2933066919 19.84823534958921
2933066927 12145993614 67.0176332690448
12145993614 2933066927 67.0176332690448
12145993614 2933066931 25.98336011219822
12145993614 2933066927 67.0176332690448
12145993614 12145993615 23.457171964080228
12145993614 2933066931 25.98336011219822
12145993614 12145993615 23.457171964080228
2934942130 9052026097 27.916193769320238
2934942134 938409459 26.78641580734208
2946891534 6576363395 36.02718454478703
2946891534 2946891543 69.01255963840148
2946891534 5415676369 50.78369704599125
2946891534 12105677254 29.12061465822084
2946891534 2946891543 69.01255963840148
2946891534 5415676369 50.78369704599125
2946891534 6576363395 36.02718454478703
2946891534 12105677254 29.12061465822084
6576363395 2946891534 36.02718454478703
6576363395 6576363386 33.84435895429808
6576363395 2946891534 36.02718454478703
6576363395 6576363386 33.84435895429808
6576363395 6576363396 69.23408131381426
6576363395 6576363396 69.23408131381426
2946891543 2946891534 69.01255963840148
2946891543 5343358490 43.07444458233778
2946891543 2946891534 69.01255963840148
2946891543 6576363396 32.791996415022716
2946891543 5343358490 43.07444458233778
2946891543 6576363396 32.791996415022716
5415676369 2946891534 50.78369704599125
5415676369 9179112441 38.41229455527495
5415676369 2946891534 50.78369704599125
5415676369 5415676373 132.05920524746034
5415676369 5415676373 132.05920524746034
5415676369 9179112441 38.41229455527495
12105677254 2946891534 29.12061465822084
12105677254 10255323278 7.845472476811775
12105677254 10255323283 43.12271194255729
12105677254 10255323283 43.12271194255729
12105677254 10255323278 7.845472476811775
12105677254 2946891534 29.12061465822084
2946891535 2946891544 42.62845493074489
2946891535 458640632 907.9947174029815
5343358490 2946891543 43.07444458233778
5343358490 2946891543 43.07444458233778
6576363396 2946891543 32.791996415022716
6576363396 6576363387 33.228127335848534
6576363396 6576363395 69.23408131381426
6576363396 6576363387 33.228127335848534
6576363396 10254839126 64.94416573444529
6576363396 6576363395 69.23408131381426
6576363396 2946891543 32.791996415022716
6576363396 10254839126 64.94416573444529
2946891547 6576363392 38.80781677587673
2946891547 6234228031 223.7738269759302
2946891547 6576363392 38.80781677587673
6576363392 2946891547 38.80781677587673
6576363392 6438027823 45.98486851577651
6576363392 6438027823 45.98486851577651
6576363392 2946891547 38.80781677587673
6576363392 6576363393 68.92283450460737
6576363392 6576363393 68.92283450460737
6576363393 2946891549 37.191605312581224
6576363393 6438027824 47.366101562666834
6576363393 6576363392 68.92283450460737
6576363393 6438027824 47.366101562666834
6576363393 2946891549 37.191605312581224
6576363393 6576363394 70.19493358901958
6576363393 6576363392 68.92283450460737
6576363393 6576363394 70.19493358901958
6576363394 2946891549 102.59516750296554
6576363394 6576363382 49.827647193270245
6576363394 6576363393 70.19493358901958
6576363394 6576363382 49.827647193270245
6576363394 6576363393 70.19493358901958
6576363394 2946891549 102.59516750296552
2967264854 2967264859 144.3895915473245
2967264854 9179109962 34.58155183406819
2967264854 10996521841 37.5487478584211
2967264854 2967264859 144.3895915473245
2967264854 9179109962 34.58155183406819
2967264854 10996521841 37.5487478584211
2967264859 2967264854 144.3895915473245
2967264859 2967264858 37.82667785391965
2967264859 9873677650 31.201710248166957
2967264859 2967264854 144.3895915473245
2967264859 2967264862 31.47481716984405
2967264859 2967264858 37.82667785391965
2967264859 2967264862 31.47481716984405
2967264859 9873677650 31.201710248166957
2967264858 2967264859 37.82667785391965
2967264858 2967264860 31.307705943917686
2967264858 10996521841 146.71192312144981
2967264858 2967264859 37.82667785391965
2967264858 2967264860 31.307705943917686
2967264858 10996521841 146.71192312144981
2967264860 2967264858 31.307705943917686
2967264860 9873677650 37.921792777116764
2967264860 2967264858 31.307705943917686
2967264860 2967264876 114.59658035963288
2967264860 2967264876 114.59658035963287
2967264860 9873677650 37.921792777116764
9873677650 2967264859 31.201710248166957
9873677650 2967264860 37.921792777116764
9873677650 2967264876 79.22717597948082
9873677650 2967264860 37.921792777116764
9873677650 2967264859 31.201710248166957
9873677650 2967264876 79.22717597948082
2967264876 2967264860 114.59658035963288
2967264876 2967264860 114.59658035963287
2967264876 9873677650 79.22717597948082
2967264876 9873677660 146.68047076590494
2967264876 9873677650 79.22717597948082
2967264876 9873677660 146.68047076590494
9179109965 2967264862 29.104035423976942
9179109965 2967264866 16.268430764363966
9179109965 2967264866 16.268430764363966
9179109965 2967264862 29.104035423976942
9179109965 9179109967 50.3451879173555
9179109965 9179109967 50.3451879173555
2967264865 2967264866 14.962149984017353
2967264865 2967264866 14.962149984017353
2967264866 2967264865 14.962149984017353
2967264866 9873677651 25.080871729620117
2967264866 2967264865 14.962149984017353
2967264866 9179109965 16.268430764363966
2967264866 9179109965 16.268430764363966
2967264866 9873677651 25.080871729620117
9873677651 2967264866 25.080871729620117
9873677651 2967264866 25.080871729620117
2978721068 345265062 239.07795713970484
2978721068 2978721072 121.62313668045122
2978721068 2978721072 121.62313668045122
2978721073 2978721072 52.376955168781905
2978721073 2978721072 52.376955168781905
9843353246 2978721077 71.34773971522137
9843353246 4234992502 31.70504378924373
9843353246 4234992502 31.70504378924373
9843353246 2978721077 71.34773971522137
9843353246 9843353247 33.0147695965371
9843353246 9843353247 33.0147695965371
2978721080 2978721077 139.58802091492663
2978721080 2978721077 139.58802091492663
2978721080 9843353247 81.88812960563105
2978721080 9843353247 81.88812960563105
9843353247 2978721080 81.88812960563105
9843353247 4234992502 26.738359481601822
9843353247 9843353246 33.0147695965371
9843353247 4234992502 26.738359481601822
9843353247 9843353246 33.0147695965371
9843353247 2978721080 81.88812960563105
11006971219 3177903051 73.20790245451325
11006971219 9843218522 148.23892556805242
11006971219 3177903051 73.20790245451325
11006971219 9843218522 148.23892556805242
11006971219 11006971222 171.8444979620051
11006971219 11006971222 171.84449796200508
9843218529 3177903051 119.52244611227795
9843218529 9713061604 187.91978103540788
9843218529 9713061604 187.91978103540785
9843218529 3177903051 119.52244611227795
9843218529 9843218532 91.78754643726852
9843218529 9843218532 91.78754643726852
3504623687 3504623688 103.48871310245259
3504623687 6637358439 89.59076632662077
3504623687 3504623688 103.48871310245259
3504623688 3504623687 103.48871310245259
3504623688 6649221979 22.080826442658434
3504623688 3504623690 111.49182569775307
3504623688 3504623687 103.48871310245259
3504623688 3504623690 111.49182569775307
3504623688 6649221979 22.080826442658434
6649221979 3504623688 22.080826442658434
6649221979 6649221978 106.98454302767223
6649221979 3504623688 22.080826442658434
6649221979 6649221980 149.84184420500515
6649221979 6649221978 106.98454302767222
6649221979 6649221980 149.84184420500515
3504623690 3504623688 111.49182569775307
3504623690 3504623688 111.49182569775307
3504623690 267250973 185.17645319433007
3511729589 3511729590 145.6359215721314
3511729589 3511729590 145.6359215721314
3511729590 3511729589 145.6359215721314
3511729590 6438876521 85.96416336394394
3511729590 3511729589 145.6359215721314
3511729590 6438876521 85.96416336394392
6438876521 3511729590 85.96416336394394
6438876521 10559229805 30.743741976735677
6438876521 3511729590 85.96416336394392
6438876521 10559229805 30.743741976735677
3546111763 10262239783 25.21317177620305
3546111763 10262239783 25.21317177620305
10262239783 3546111763 25.21317177620305
10262239783 10262239782 51.214824910268185
10262239783 3546111763 25.21317177620305
10262239783 10262239785 8.408138777921012
10262239783 10262239782 51.214824910268185
10262239783 10262239785 8.408138777921012
3661513065 11301690339 8.868935351781776
3661513065 3661513066 10.15957835365835
3661513065 3661513066 10.15957835365835
3661513066 3661513065 10.15957835365835
3661513066 3661513065 10.15957835365835
3661513066 10264255641 81.57806103014737
3661513068 3661513070 135.97924946760193
3661513068 10262384322 16.38829970276355
3661513068 10262384322 16.38829970276355
10262384322 3661513068 16.38829970276355
10262384322 9179118871 63.75515116780685
10262384322 3661513068 16.38829970276355
10262384322 9179118871 63.75515116780685
10262384322 10262384324 22.195113910264332
10262384322 10262384324 22.195113910264332
3661513070 10262384323 17.893330012010065
3661513070 11462925576 452.9002633958503
3661513070 10262384323 17.893330012010065
10262384323 3661513070 17.893330012010065
10262384323 3661513071 50.41390935974169
10262384323 10262384324 114.10717148747196
10262384323 3661513070 17.893330012010065
10262384323 3661513071 50.41390935974169
10262384323 10262384324 114.10717148747196
9179118868 3661513071 13.838661592817774
9179118868 3661513071 13.838661592817774
9179118868 10262384319 59.453650145068224
9179118868 9179118871 138.13622157901477
9179118868 9179118871 138.13622157901477
9179118868 10262384319 59.453650145068224
3742418043 249786848 36.58861168365542
3742418047 267249967 19.30004466002493
3742418068 267249959 6.274529255439065
3742418071 3742418073 100.15300536254014
3742418073 621248447 25.902053673512327
13593228370 3743678685 94.8965830811333
13593228370 3743678685 94.8965830811333
3744502766 9234696669 203.24152419560093
3744502766 12044622897 214.68717941507353
3744502776 1309626482 116.09846211918821
3947530960 3947530961 12.871482317502371
3947530960 9843218549 195.20466473454536
3947530961 943560309 24.38215474461356
3947530961 432874004 19.72654505248559
4083435341 267250994 8.22487867635207
4083435341 9212682340 35.323613111756934
4083435383 5799521554 45.84203406574265
4083435383 12816056486 100.77667989900989
4083435383 5799521554 45.84203406574265
5799521554 4083435383 45.84203406574265
5799521554 5799521452 36.82595849892866
5799521554 5799521452 36.82595849892866
5799521554 5799521565 79.5193952786937
5799521554 4083435383 45.84203406574265
5799521554 5799521565 79.5193952786937
4083436490 249783302 134.64261441338493
10262239779 4231821247 12.882540090771013
10262239779 10262239775 50.88187458606818
10262239779 4231821247 12.882540090771013
10262239779 10262239781 32.3591321673803
10262239779 10262239775 50.88187458606818
10262239779 10262239781 32.3591321673803
9843524739 4231821247 95.71096094073006
9843524739 4231821247 95.71096094073006
4231821248 10262239775 24.538054785853127
4231821248 10262239777 133.94979356632777
4231821248 9843224224 185.03778396083908
4231821248 9843224224 185.03778396083908
4231821248 10262239775 24.538054785853127
4231821248 10262239777 133.94979356632777
10262239775 4231821248 24.538054785853127
10262239775 4231821248 24.538054785853127
10262239775 10262239780 30.818625819865474
10262239775 10262239779 50.88187458606818
10262239775 10262239779 50.88187458606818
10262239775 10262239780 30.818625819865474
10262239777 4231821248 133.94979356632777
10262239777 9843524735 9.226963762238599
10262239777 10262239776 27.156051925556866
10262239777 9843524735 9.226963762238599
10262239777 10262239776 27.156051925556866
10262239777 4231821248 133.94979356632777
9843224224 4231821248 185.03778396083908
9843224224 11015451862 72.32781993554302
9843224224 13605042203 57.28369209640415
9843224224 4231821248 185.03778396083908
9843224224 11015451862 72.32781993554302
9843224224 13605042203 57.28369209640415
4231821260 9843268862 12.276433905595026
4231821260 1802525717 92.56933486279797
4231821260 9843268862 12.276433905595026
9843268862 4231821260 12.276433905595026
9843268862 4231821260 12.276433905595026
9843268862 1802525712 91.88444471538276
4231821261 9843268844 77.84961285265372
4231821261 9843268856 42.36659115564131
4231821261 4231821264 20.45863540706475
4231821261 4231821264 20.45863540706475
4231821261 9843268844 77.84961285265372
4231821261 9843268856 42.36659115564131
9843268844 4231821261 77.84961285265372
9843268844 4231821261 77.84961285265372
9843268856 4231821261 42.36659115564131
9843268856 4231821261 42.36659115564131
4231821264 4231821261 20.45863540706475
4231821264 4231821261 20.45863540706475
4231821264 4231821268 96.00475780770407
4231821264 9843268854 16.83358745572754
4231821264 4231821268 96.00475780770407
4231821264 9843268854 16.83358745572754
4231821268 4231821264 96.00475780770407
4231821268 4231821260 99.62140413750076
4231821268 4231821264 96.00475780770407
9843268854 4231821264 16.83358745572754
9843268854 4231821269 70.18083475597783
9843268854 9843268849 91.2513238975968
9843268854 4231821269 70.18083475597783
9843268854 4231821264 16.83358745572754
9843268854 9843268849 91.2513238975968
4231821269 943559774 93.8978613845297
4231821269 9843268854 70.18083475597783
4231821269 9843268854 70.18083475597783
4234992496 9843218550 61.04685099065852
4234992496 9843216008 100.02534751435905
4234992496 9843216009 18.71973292337897
4234992496 9843216008 100.02534751435905
4234992496 9843216009 18.71973292337897
4234992496 9843218550 61.04685099065852
9843218550 4234992496 61.04685099065852
9843218550 4234992498 65.4527818200301
9843218550 9843216010 15.012292074116464
9843218550 9843218548 23.40045689675649
9843218550 4234992496 61.04685099065852
9843218550 4234992498 65.4527818200301
9843218550 9843216010 15.012292074116464
9843218550 9843218548 23.40045689675649
9843216008 4234992496 100.02534751435905
9843216008 4234992496 100.02534751435905
9843216008 9843218532 58.00367332021867
9843216008 9843218542 71.47795625741327
9843216008 9843218532 58.00367332021867
9843216008 9843218542 71.47795625741327
9843216009 4234992496 18.71973292337897
9843216009 4234992496 18.71973292337897
9843216009 9843216010 62.17435532594257
9843216009 9843216011 97.73674019888367
9843216009 9843216010 62.17435532594257
9843216009 9843216011 97.73674019888367
9843216013 4234992497 65.0303844154039
9843216013 9843216011 28.76661946526299
9843216013 9843218526 53.86964913423538
9843216013 4234992497 65.0303844154039
9843216013 9843216011 28.76661946526299
9843216013 9843218526 53.86964913423538
4234992498 4234992497 84.6334156308658
4234992498 9843218550 65.4527818200301
4234992498 9843218550 65.4527818200301
13991917688 4774765614 46.84478234009695
13991917688 4774765615 10.670907573842605
13991917688 13991917687 65.38531671470061
13991917688 4774765615 10.670907573842605
13991917688 4774765614 46.84478234009695
13991917688 13991917687 65.38531671470061
7232925570 4808285378 105.53436465324761
7232925570 7223006828 23.764982013851217
7232925570 4808285378 105.53436465324761
7232925570 7223006828 23.764982013851217
7232925570 10262310953 137.79751105769017
7232925570 10262310953 137.79751105769017
6552977584 4808285378 156.12262079397266
6552977584 9843958838 107.7451451054101
6552977584 4808285378 156.12262079397266
6552977584 10262384319 121.96958719276293
6552977584 9843958838 107.7451451054101
6552977584 10262384319 121.96958719276294
5345583360 10264741988 54.819155170303745
5345583360 267249903 131.45402935759498
5345583360 10264741988 54.819155170303745
10264741988 5345583360 54.819155170303745
10264741988 6531655529 212.40053720531904
10264741988 5345583360 54.819155170303745
10264741988 10264741989 148.52377991123404
10264741988 6531655529 212.40053720531904
10264741988 10264741989 148.52377991123404
9179112441 5415676369 38.41229455527495
9179112441 5415676371 127.00242683934293
9179112441 10255323283 15.728663226688935
9179112441 5415676369 38.41229455527495
9179112441 5415676371 127.00242683934293
9179112441 10255323283 15.728663226688935
5415676373 5415676369 132.05920524746034
5415676373 5415676371 110.56765884755421
5415676373 9212659809 94.3356958597933
5415676373 5415676369 132.05920524746034
5415676373 5415676371 110.56765884755418
5415676373 9212659809 94.3356958597933
5415676370 5415676371 54.36477107491825
5415676370 6702715349 117.66983761792957
5415676370 5415676371 54.36477107491825
5415676370 6702715349 117.66983761792959
5415676371 5415676370 54.36477107491825
5415676371 5415676370 54.36477107491825
5415676371 9859541734 55.624287376400936
5415676371 5415676373 110.56765884755421
5415676371 9179112441 127.00242683934293
5415676371 5415676373 110.56765884755418
5415676371 9179112441 127.00242683934293
5415676371 9859541734 55.624287376400936
6702715349 5415676370 117.66983761792957
6702715349 5415676370 117.66983761792959
9859541734 5415676371 55.624287376400936
9859541734 5415676371 55.624287376400936
9212659809 5415676373 94.3356958597933
9212659809 5415676373 94.3356958597933
9212659809 5487856796 204.5519336252545
5432771962 5681450591 186.22532379461305
5434483896 9794183554 8.022849763162538
5434483896 10264334424 34.190258349339636
5434483908 12728184167 481.8874020034443
5434483908 5682467523 148.00707600151873
5434483908 12728184167 481.8874020034442
12728184167 5434483908 481.8874020034443
12728184167 5434483908 481.8874020034442
12728184167 267249963 36.34898204480731
5434483914 3744502766 40.05941990836846
5434483918 12145877138 37.11858881740813
5434483918 5434483914 52.48849716067926
5434484022 5434484056 73.62694898767572
5434484025 6761961053 13.271866887234545
5434484025 12145877142 32.66348426154158
5434484027 5432771962 49.309503750000694
5434484027 5681450599 34.75582774751151
5434484031 5434484044 15.104666326094462
9195108424 5434484032 11.97606289889048
9195108424 5434484032 11.97606289889048
9195108424 9195136047 45.84063004658815
5434484041 267250981 14.45240802763845
5434484041 5792664580 31.796994780335506
5434484049 1309626444 10.847900741412692
5434484049 5434484031 95.83271389270385
5434484052 6758692739 38.801668989542954
5434484052 5434484049 7.98809624573114
5483954454 5792664521 28.38229963922908
5483954459 267259278 26.973726668642684
5484083380 267249923 29.453892840755056
5484083380 267259263 58.112274195928705
5485189721 267259248 50.351352004010096
5485189721 267249900 43.1876624292764
5487856795 6702715349 45.23972565304568
5487856796 5487856795 12.702180170323025
5487856797 249786899 7.6590255160197485
5487856797 9872727149 197.64607972992877
5487856800 8475062198 140.074225847532
5487856800 6702715300 27.822165321787853
5638613639 9052026098 92.88662679802343
5638613639 458640665 15.196338113363241
5638613755 915472512 239.5090894105189
5638613761 345234466 37.339525339112456
5638613761 5638613755 55.670687837597406
5681296950 458640661 24.34170561972712
5681296951 5681296958 178.7559499749974
5681296951 6985955256 125.62813250746902
5681296953 5681321307 143.85487682159024
5681296953 5681296954 12.464411501448481
5681296954 9880451646 5.029305714696253
5681296956 9860744486 9.027001974605609
5681296956 12865950983 10.840333041474395
5681321306 5681321307 11.71735925868865
5681321306 5681296954 143.9277536998434
5681321306 5681321307 11.71735925868865
5681321307 5681321306 11.71735925868865
5681321307 5681321306 11.71735925868865
5681321307 5681296956 164.29446468439065
5681450581 249783293 27.37886962290493
5681450581 5681450601 108.34418345494636
5681450591 10255100650 133.93531768934426
5681450591 5681450592 339.8802464763901
5681450591 10255100650 133.93531768934426
10255100650 5681450591 133.93531768934426
10255100650 5681450591 133.93531768934426
5681450598 6702715292 35.92702724412665
5681450599 5434484041 9.22023692633624
5681450599 5432771962 33.005939917596336
5681450605 5681450599 14.460537526135587
5681450605 5809063021 24.357991077818
5682466818 5434483896 42.163245077577926
5682466818 10264334424 56.73571579252439
5682466820 5682467523 8.83063502551774
5682466820 2431986249 170.1815993370284
5682466820 5682467523 8.83063502551774
5792664481 267259274 436.55805649405795
5792664486 5792664481 47.621078857816606
5792664486 267259282 27.0844392377946
5792664494 9794237530 8.290558602938338
5792664494 12744307258 191.92502002272633
5792664509 5792664494 196.4464874785539
5792664521 267259274 5.407848808930596
5792664521 10264640759 194.7461488082922
5792664560 10273081181 253.13023816901034
5792664570 12145877145 45.027892639824714
5792664570 2946891535 79.76158574294955
5792664578 2431986256 62.236769191645756
5792664579 267250981 21.579985021752798
5792664579 5792664578 28.087759245480374
5792664580 5434483908 167.66395287862713
5792664581 5434484041 24.83685929786599
5792664581 5792664580 40.044520472264
6436650499 5799521445 67.08245331803609
6436650499 267251007 387.9268917453103
6436650499 5799521445 67.08245331803607
5799521452 5799521554 36.82595849892866
5799521452 9857860386 156.46661670303982
5799521452 5799521553 34.323082599062325
5799521452 5799521553 34.323082599062325
5799521452 5799521554 36.82595849892866
5799521452 9857860386 156.46661670303982
9857860386 5799521452 156.46661670303982
9857860386 9857860395 41.58757162859183
9857860386 10230413735 137.64530611555614
9857860386 5799521452 156.46661670303982
9857860386 9857860395 41.58757162859183
9857860386 10230413735 137.64530611555617
5799521553 5799521452 34.323082599062325
5799521553 5799521452 34.323082599062325
5799521565 5799521554 79.5193952786937
5799521565 5799521561 420.2426353586808
5799521565 10230413737 36.84970362773827
5799521565 5799521554 79.5193952786937
5799521565 5799521561 420.2426353586808
5799521565 10230413737 36.84970362773827
10991487930 5799521561 77.65532205351445
10991487930 5799521561 77.65532205351447
10230413737 5799521565 36.84970362773827
10230413737 10230413735 49.99041534737748
10230413737 13439866813 106.10086921747505
10230413737 5799521565 36.84970362773827
10230413737 10230413735 49.99041534737748
10230413737 13439866813 106.10086921747505
5799663725 4083435383 71.9650884751501
5799663728 5799663725 58.857652806756064
5799663728 5799663725 65.60042484772212
5799663732 6436408280 165.15600293879515
5799663735 5799663732 64.2186057366341
5799663735 5799663732 70.31474952764134
6720393131 5802016585 13.173418432538382
6720393131 6720393130 7.876907066313473
6720393131 6436625369 62.88113193935654
6720393131 5802016585 13.173418432538382
6720393131 6720393130 7.876907066313473
5802016594 5802016591 104.61131537395008
5802016594 9843555978 83.10416399773403
5802016594 9843555978 83.10416399773403
9843555978 5802016594 83.10416399773403
9843555978 9843555975 172.1577748437125
9843555978 14001945360 7.805943429807924
9843555978 9843555975 172.1577748437125
9843555978 5802016594 83.10416399773403
9843555978 14001945360 7.805943429807924
5809063021 267251576 197.32698866939603
5809063022 5681450605 24.47092573020271
5809063022 5809063021 34.79999398995989
5977448434 12728184167 33.818827904459454
5977448434 267249963 17.37576198351495
6153249679 5487856800 33.04568860126119
6153249680 6153249679 11.057338820103919
6153249680 6153253304 267.18563568915556
6153253285 6153253286 8.189318323566336
6153253285 6738363908 28.91113682443311
6153253285 6153253286 8.189318323566336
6153253286 6153253285 8.189318323566336
6153253286 6153253285 8.189318323566336
6153253286 12097013220 60.13228000003224
6153253306 12097013221 7.635628884156203
6191789608 6191789609 41.1664954721737
6191789608 6191789609 41.1664954721737
6191789609 6191789608 41.1664954721737
6191789609 6191789608 41.1664954721737
6191789609 943641058 60.74398498674451
6213742109 3742418071 13.87277706057996
6213742109 6742341827 186.57739298199076
6213742109 6742341827 186.57739298199078
6742341827 6213742109 186.57739298199076
6742341827 11939765549 3.883867809829116
6742341827 6213742109 186.57739298199078
6742341827 10264384045 43.10855314109468
6742341827 10264384045 43.10855314109468
6742341827 11939765549 3.883867809829116
6213742115 6213742118 55.72000686111818
6213742115 6213742118 63.388396758911156
6213742118 3742418068 155.38957417367683
6213742119 3742418071 12.844980315919702
6213742119 6213742109 13.351409740560825
6234228027 5792664560 21.05988336575043
6234228027 10273081180 269.52911456323363
6234228030 6234228027 24.49162282919621
6234228030 12145877139 34.53998944066957
6234228031 6234228030 32.34982381171431
6351713174 11801983080 18.556686808960144
6351713174 9843579519 103.18901498277506
6436408280 267250994 27.18035095039342
6436408280 267250993 42.90053181889334
6436532340 6437715964 85.51996823946845
6436532340 10254979373 260.05912058098573
6436532340 10254979373 260.0591205809858
10254979373 6436532340 260.05912058098573
10254979373 6436532340 260.0591205809858
6436625369 10264640742 70.43083618291517
9859502222 6436657802 164.65670432255402
9859502222 9859502221 61.140393112363824
9859502222 6436657802 164.65670432255402
9859502222 10262384320 34.32056677956077
9859502222 9859502221 61.140393112363824
9859502222 10262384320 34.32056677956077
9794237533 6436821125 70.2891763112055
9794237533 6436821126 11.135526564181427
9794237533 6436821125 70.2891763112055
9794237533 6436821126 11.135526564181427
9794237533 9794237537 101.068276425971
13927682234 6437668039 73.32297297609196
13927682234 13564369596 63.310016717874625
13927682234 13927682257 42.28313555372958
13927682234 13564369596 63.31001671787462
13927682234 6437668039 73.32297297609196
13927682234 13927682262 31.93786132955893
13927682234 13927682257 42.28313555372958
13927682234 13927682262 31.93786132955893
6437715963 2592537501 328.16850693951494
6437715964 1309626444 33.44350499654722
6437715964 6437715963 42.943676303889546
6437796368 6437796373 53.331157303561795
6437796368 6437796374 67.15422352511916
6437796368 6437796369 29.778870938758658
6437796368 6437796369 29.778870938758658
6437796368 6437796373 53.331157303561795
6437796368 6437796374 67.15422352511916
6437796373 6437796368 53.331157303561795
6437796373 6437796368 53.331157303561795
6437796373 6437796375 30.610070909253107
6437796374 6437796368 67.15422352511916
6437796374 6437796368 67.15422352511916
6437796374 11301690347 44.87143744982133
6437796374 6437796376 30.49663009380201
6437796374 6437796376 30.49663009380201
6437796374 11301690347 44.87143744982133
6437796369 6437796368 29.778870938758658
6437796369 6437796375 54.324840388297325
6437796369 6437796376 67.07758918775545
6437796369 6437796368 29.778870938758658
6437796369 6437796370 30.909406933681563
6437796369 6437796370 30.909406933681563
6437796369 6437796375 54.324840388297325
6437796369 6437796376 67.07758918775545
6437796375 6437796369 54.324840388297325
6437796375 6437796369 54.324840388297325
6437796375 6437796379 30.47673758555436
6437796376 6437796369 67.07758918775545
6437796376 6437796374 30.49663009380201
6437796376 6437796369 67.07758918775545
6437796376 6437796374 30.49663009380201
6437796376 6437796380 31.592878814077444
6437796376 6437796380 31.592878814077444
6437796370 6437796369 30.909406933681563
6437796370 6437796379 54.033112800930944
6437796370 6437796380 68.82162764444635
6437796370 6437796369 30.909406933681563
6437796370 6437796372 31.131996007722286
6437796370 6437796372 31.131996007722286
6437796370 6437796379 54.033112800930944
6437796370 6437796380 68.82162764444635
6437796379 6437796370 54.033112800930944
6437796379 6437796370 54.033112800930944
6437796379 6437796382 29.954714569511367
6437796380 6437796370 68.82162764444635
6437796380 6437796376 31.592878814077444
6437796380 6437796370 68.82162764444635
6437796380 6437796376 31.592878814077444
6437796380 6437796381 30.664616224918927
6437796380 6437796381 30.664616224918927
6437796372 6437796370 31.131996007722286
6437796372 6437796381 70.6371616432922
6437796372 6437796382 53.38029918886743
6437796372 6437796370 31.131996007722286
6437796372 6437796381 70.6371616432922
6437796372 6437796382 53.38029918886743
6437796381 6437796372 70.6371616432922
6437796381 6437796380 30.664616224918927
6437796381 6437796372 70.6371616432922
6437796381 6437796380 30.664616224918927
6437796381 6437797485 17.282637342720246
6437796381 6437797485 17.282637342720246
6437796382 6437796372 53.38029918886743
6437796382 6437796372 53.38029918886743
6437796382 6437797486 16.54853019249092
6437797485 6437796381 17.282637342720246
6437797485 6437797487 54.66786448548399
6437797485 6437797489 71.06558180970224
6437797485 6437796381 17.282637342720246
6437797485 6437797487 54.66786448548399
6437797485 6437797489 71.06558180970224
6437796383 6437796384 74.91562648944164
6437796383 6437797486 39.055131791875205
6437796383 6437797487 30.686519306570823
6437796383 6437796384 74.91562648944164
6437796383 6437797486 39.055131791875205
6437796383 6437797487 30.686519306570823
6437796384 6437796383 74.91562648944164
6437796384 6437796383 74.91562648944164
6437796384 6437797488 31.60272921642395
6437796384 6576464208 64.92340173174746
6437796384 6437797491 39.14606277587549
6437796384 6437797488 31.60272921642395
6437796384 6437797491 39.14606277587549
6437796384 6576464208 64.92340173174745
6437797486 6437796383 39.055131791875205
6437797486 6437796383 39.055131791875205
6437797486 6437797491 74.28309234806511
6437797487 6437796383 30.686519306570823
6437797487 6437797485 54.66786448548399
6437797487 6437797485 54.66786448548399
6437797487 6437796383 30.686519306570823
6437797487 6437797488 74.94508686484521
6437797487 6437797488 74.94508686484521
6437797488 6437796384 31.60272921642395
6437797488 6437797487 74.94508686484521
6437797488 6437797487 74.94508686484521
6437797488 6437796384 31.60272921642395
6437797488 6437797489 52.37873528180208
6437797488 6437797489 52.37873528180208
6576464208 6437796384 64.92340173174746
6576464208 6576464209 63.21523633127039
6576464208 6437796384 64.92340173174745
6437797491 6437796384 39.14606277587549
6437797491 345234446 28.044304015252212
6437797491 9843353235 34.8066327689835
6437797491 6437796384 39.14606277587549
6437797491 9843353235 34.8066327689835
6437797489 6437797485 71.06558180970224
6437797489 6437797488 52.37873528180208
6437797489 6437797485 71.06558180970224
6437797489 6576464209 59.56241016396701
6437797489 6437797488 52.37873528180208
6437797489 6576464209 59.56241016396701
6576464209 6437797489 59.56241016396701
6576464209 6437797489 59.56241016396701
6576464209 11801983080 533.2727009050697
9843353235 6437797491 34.8066327689835
9843353235 9843353236 43.540513162535326
9843353235 10274798175 36.353139208057314
9843353235 6437797491 34.8066327689835
9843353235 9843353236 43.540513162535326
9843353235 10274798175 36.353139208057314
6438027823 6576363398 51.742433817859265
6438027823 6576363392 45.98486851577651
6438027823 6438027824 68.68419125766752
6438027823 6438027824 68.68419125766752
6438027823 6576363392 45.98486851577651
6438027823 6576363398 51.742433817859265
6576363398 6438027823 51.742433817859265
6576363398 10254839125 18.08377694081012
6576363398 6438027823 51.742433817859265
6576363398 6576363399 70.3683165246858
6576363398 6576363399 70.3683165246858
6576363398 10254839125 18.08377694081012
6438027824 6438027823 68.68419125766752
6438027824 6576363399 52.61666551507818
6438027824 6576363393 47.366101562666834
6438027824 6438027823 68.68419125766752
6438027824 6576363382 74.5566000742278
6438027824 6576363382 74.5566000742278
6438027824 6576363393 47.366101562666834
6438027824 6576363399 52.61666551507818
6576363399 6438027824 52.61666551507818
6576363399 6576363398 70.3683165246858
6576363399 10254839124 17.579046285917062
6576363399 6438027824 52.61666551507818
6576363399 10254839123 49.67557953914475
6576363399 6576363398 70.3683165246858
6576363399 10254839123 49.67557953914475
6576363399 10254839124 17.579046285917062
6576363382 6438027824 74.5566000742278
6576363382 6576363394 49.827647193270245
6576363382 9179112454 51.08422077128974
6576363382 6438027824 74.5566000742278
6576363382 6576363394 49.827647193270245
6576363382 9179112454 51.08422077128974
10559229805 6438876521 30.743741976735677
10559229805 6438876521 30.743741976735677
10559229805 915473757 105.22034812034289
6439020983 2933066913 287.66428901396546
6439021689 12865950987 40.516656535779326
6439021689 6439020983 58.904959794148674
6439021690 5681321306 127.50998679695559
6439021695 13087429776 34.907403865811425
6439021695 6439021690 45.70435239019272
6439049449 9843353243 23.272984117778442
6439049449 6439049451 30.522284287827613
6439049449 9843216016 45.16135307003227
6439049449 6439049451 30.522284287827613
6439049449 9843216016 45.16135307003227
6439049449 9843353243 23.272984117778442
9843353243 6439049449 23.272984117778442
9843353243 6439049449 23.272984117778442
9843218520 6439049451 166.228724082913
9843218520 10274798175 34.03558136739542
9843218520 6439049451 166.228724082913
9843218520 9843353236 14.888391139461522
9843218520 9843353236 14.888391139461522
9843218520 10274798175 34.03558136739542
6439081881 6234228031 809.7492462259904
6439081881 9873910569 71.30898236248048
6439081881 9873910569 71.30898236248048
9873910569 6439081881 71.30898236248048
9873910569 9873910564 42.42653219918862
9873910569 9873910564 42.42653219918862
9873910569 11024569727 59.21059937267746
9873910569 6439081881 71.30898236248048
9873910569 11024569727 59.21059937267746
6439164655 6439164658 58.656337857343544
6439164655 6439164662 36.258310921242966
6439164658 345265121 338.0109543154769
11607465286 6531585510 97.74491946975525
11607465286 6531585510 97.74491946975525
11607465286 267249920 70.34315792754782
6531650304 1802525708 109.50263828616863
6531650304 11015635309 299.1897243709421
6531650304 11015635309 299.189724370942
11015635309 6531650304 299.1897243709421
11015635309 11015635321 68.04644079292612
11015635309 11015635322 42.04850479127511
11015635309 6531650304 299.189724370942
11015635309 11015635321 68.04644079292612
11015635309 11015635322 42.04850479127511
6531655529 10262211498 43.25601452137439
6531655529 10264741988 212.40053720531904
6531655529 6531655534 86.83672479927304
6531655529 6531655534 86.83672479927304
6531655529 10262211498 43.25601452137439
6531655529 10264741988 212.40053720531904
10262211498 6531655529 43.25601452137439
10262211498 9843486080 23.385907123621358
10262211498 9843486080 23.385907123621358
10262211498 6531655529 43.25601452137439
10262211498 10262211501 46.47430286826545
10262211498 10262211501 46.47430286826545
6531655534 6531655529 86.83672479927304
6531655534 10262239804 43.92735562476733
6531655534 6531655529 86.83672479927304
6531655534 10262239803 112.0232145362163
6531655534 10262239803 112.02321453621629
6531655534 10262239804 43.92735562476733
10262239804 6531655534 43.92735562476733
10262239804 9843486079 33.7716485782815
10262239804 10262239803 72.46322083486835
10262239804 6531655534 43.92735562476733
10262239804 9843486079 33.7716485782815
10262239804 10262239805 59.90594149929717
10262239804 10262239803 72.46322083486835
10262239804 10262239805 59.90594149929717
10262239803 6531655534 112.0232145362163
10262239803 9843486081 35.03961491894246
10262239803 9843486081 35.03961491894246
10262239803 10262239804 72.46322083486835
10262239803 6531655534 112.02321453621629
10262239803 10262239804 72.46322083486835
6541904366 6541904367 78.26173713393288
6541904366 6541904367 78.26173713393288
6541904384 6541904367 31.01904580074919
6541904384 6541904383 123.90008126470302
6541904384 6541906285 82.49623944472988
6541904384 6541904383 123.90008126470302
6541904384 6541904367 31.01904580074919
6541904384 6541906285 82.49623944472988
6541904382 6541904383 93.5798830311051
6541904382 6541906285 110.58939895441918
6541904382 6541906286 23.61489416868602
6541904382 6541904383 93.5798830311051
6541904382 6541906285 110.58939895441918
6541904382 6541906286 23.61489416868602
6541906286 6541904382 23.61489416868602
6541906286 6541904382 23.61489416868602
6541906286 1349092076 95.98613633746709
10262384319 6552977584 121.96958719276293
10262384319 9179118868 59.453650145068224
10262384319 9843958838 114.02885796528993
10262384319 9843958838 114.02885796528993
10262384319 6552977584 121.96958719276294
10262384319 9179118868 59.453650145068224
9179112454 6576363382 51.08422077128974
9179112454 6576363382 51.08422077128974
9179112454 10254839122 32.32908187063385
9179112454 10254839123 29.89155242855195
9179112454 10254839122 32.32908187063385
9179112454 10254839123 29.89155242855195
6576363383 6576363389 52.7046328551929
6576363383 6576363400 49.08693703155312
6576363383 6576363384 70.75194784751088
6576363383 6576363384 70.75194784751088
6576363383 6576363389 52.7046328551929
6576363383 6576363400 49.08693703155312
6576363389 6576363383 52.7046328551929
6576363389 6576363386 36.58960322477008
6576363389 6576363386 36.58960322477008
6576363389 6576363383 52.7046328551929
6576363389 6576363390 70.09907758014846
6576363389 6576363390 70.09907758014846
6576363400 6576363383 49.08693703155312
6576363400 6576363383 49.08693703155312
6576363400 10254839125 16.182264446556776
6576363400 6576363401 71.37700620914725
6576363400 6576363401 71.37700620914725
6576363400 10254839125 16.182264446556776
6576363384 6576363383 70.75194784751088
6576363384 6576363390 47.64776567855279
6576363384 6576363401 49.33953715065032
6576363384 9857987481 55.976435407081176
6576363384 6576363383 70.75194784751088
6576363384 6576363390 47.64776567855279
6576363384 6576363401 49.33953715065032
6576363384 9857987481 55.976435407081176
6576363390 6576363384 47.64776567855279
6576363390 6576363387 36.47923250985143
6576363390 6576363389 70.09907758014846
6576363390 6576363387 36.47923250985143
6576363390 6576363384 47.64776567855279
6576363390 6576363391 59.22109952052634
6576363390 6576363389 70.09907758014846
6576363390 6576363391 59.22109952052634
6576363401 6576363384 49.33953715065032
6576363401 6576363400 71.37700620914725
6576363401 6576363384 49.33953715065032
6576363401 6576363400 71.37700620914725
6576363401 10254839121 51.00718009511648
6576363401 10254839124 20.577267954009837
6576363401 10254839121 51.00718009511648
6576363401 10254839124 20.577267954009837
9857987481 6576363384 55.976435407081176
9857987481 6576363391 51.79497100504762
9857987481 9857987478 19.96805647128894
9857987481 9857987478 19.96805647128894
9857987481 6576363384 55.976435407081176
9857987481 6576363391 51.79497100504762
6576363386 6576363395 33.84435895429808
6576363386 6576363389 36.58960322477008
6576363386 6576363387 69.6392568565142
6576363386 6576363387 69.6392568565142
6576363386 6576363389 36.58960322477008
6576363386 6576363395 33.84435895429808
6576363387 6576363386 69.6392568565142
6576363387 6576363396 33.228127335848534
6576363387 6576363390 36.47923250985143
6576363387 6576363388 61.69508315202215
6576363387 6576363386 69.6392568565142
6576363387 6576363388 61.69508315202215
6576363387 6576363390 36.47923250985143
6576363387 6576363396 33.228127335848534
6576363388 6576363387 61.69508315202215
6576363388 6576363387 61.69508315202215
6576363388 10254839126 34.61188616654654
6576363388 6576363391 34.4138637520888
6576363388 6576363391 34.4138637520888
6576363388 10254839126 34.61188616654654
10254839126 6576363388 34.61188616654654
10254839126 6576363396 64.94416573444529
10254839126 6576363396 64.94416573444529
10254839126 6576363388 34.61188616654654
6576363391 6576363388 34.4138637520888
6576363391 6576363390 59.22109952052634
6576363391 6576363390 59.22109952052634
6576363391 6576363388 34.4138637520888
6576363391 9857987481 51.79497100504762
6576363391 9857987481 51.79497100504762
10254839125 6576363398 18.08377694081012
10254839125 6576363400 16.182264446556776
10254839125 10254839124 70.8254739307725
10254839125 6576363400 16.182264446556776
10254839125 6576363398 18.08377694081012
10254839125 10254839124 70.8254739307725
10254839124 6576363399 17.579046285917062
10254839124 6576363401 20.577267954009837
10254839124 6576363399 17.579046285917062
10254839124 10254839125 70.8254739307725
10254839124 6576363401 20.577267954009837
10254839124 10254839125 70.8254739307725
10254839123 6576363399 49.67557953914475
10254839123 9179112454 29.89155242855195
10254839123 10254839121 35.33177838707776
10254839123 9179112454 29.89155242855195
10254839123 6576363399 49.67557953914475
10254839123 10254839121 35.33177838707776
10254839121 6576363401 51.00718009511648
10254839121 9857987478 28.430125032105195
10254839121 10254839122 30.902799243054496
10254839121 6576363401 51.00718009511648
10254839121 9857987478 28.430125032105195
10254839121 10254839123 35.33177838707776
10254839121 10254839122 30.902799243054496
10254839121 10254839123 35.33177838707776
6576464200 11015451862 30.622140614072546
6576464200 6576464203 29.012301114344037
6576464200 6576464201 40.806955315786375
6576464200 9843353240 108.40388922411637
6576464200 6576464201 40.806955315786375
6576464200 6576464203 29.012301114344037
6576464200 9843353240 108.40388922411637
6576464200 11015451862 30.622140614072546
11015451862 6576464200 30.622140614072546
11015451862 9843224224 72.32781993554302
11015451862 11015451857 126.93595045379432
11015451862 9843224224 72.32781993554302
11015451862 6576464200 30.622140614072546
11015451862 11015451857 126.93595045379432
6576464201 6576464200 40.806955315786375
6576464201 6576464200 40.806955315786375
9843353240 6576464200 108.40388922411637
9843353240 9843353239 25.316765801751743
9843353240 11015452663 13.287875173308494
9843353240 9843353239 25.316765801751743
9843353240 6576464200 108.40388922411637
9843353240 11015452663 13.287875173308494
6576464204 6576464203 45.81270619133674
6576464204 6576464203 45.81270619133674
6576464207 2715812712 8.779074230085342
6576464207 6576464208 30.629598310324972
6636511947 395135111 116.79784021913315
6636511947 6636511951 287.65798608316175
6636511947 6636511951 287.65798608316175
6636511951 6636511947 287.65798608316175
6636511951 6636511947 287.65798608316175
6636511951 5681296950 81.85294023739544
6637358436 3504623690 73.91787343100218
6637358439 267250978 25.918952585780946
6637358439 6637358436 43.110808098743874
6646336237 249783302 37.023438419782
6646336237 1762977534 43.874133605683035
6666317455 6666317460 118.80670794349254
6666317455 6666317458 23.61009620899798
6666317458 1762989545 38.9587801651247
6702699408 6666317455 33.71098111022855
6702715208 6702715216 4.570202450056859
6702715212 6702715249 4.856405563903606
6702715212 249786894 185.70175946604652
6702715216 6702715205 9.812149312906126
6702715249 6702715208 7.287826099103283
6702715261 267197815 27.9810061641234
6702715261 267197828 464.57790160835526
6702715292 6702715325 31.22208816082399
6702715292 1762989550 41.6894115493222
6702715300 5487856797 18.573862744935553
6702715313 6702715314 10.34240750023831
6702715313 1309626423 85.23599140964308
6702715314 1309626424 9.548207049533191
6702715314 9221708424 80.66591220528316
6702715318 6702715319 34.4225123832004
6702715318 9221708424 263.6352781759641
6702715318 9221708424 263.6352781759641
9221708424 6702715318 263.6352781759641
9221708424 6702715318 263.6352781759641
9221708424 1309626424 80.8055252915768
6702715325 1762989517 21.917445094393113
6720350039 13564369596 8.296165622887639
6720350039 6720350030 156.24162661796527
6720350039 13564369596 8.296165622887639
6720350065 6965585184 44.790523959649065
6720393087 5483954459 34.105556191126624
6720393108 267259320 102.79071189161054
6720393108 5483954454 20.395184507311484
6720393130 5802016594 18.140914821518045
6720393130 10264764673 87.19293475598745
6720393130 6720393131 7.876907066313473
6720393130 6720393131 7.876907066313473
6720393130 10264764673 87.19293475598745
10264764673 6720393130 87.19293475598745
10264764673 9843555974 124.23851057546372
10264764673 10264764670 85.1606133676328
10264764673 6720393130 87.19293475598745
10264764673 9843555974 124.2385105754637
10264764673 10264764670 85.16061336763282
11939765549 6742341827 3.883867809829116
11939765549 6742341827 3.883867809829116
11939765549 11939765550 205.96106134290727
10264384045 6742341827 43.10855314109468
10264384045 9858009521 88.0993742318051
10264384045 6742341827 43.10855314109468
10264384045 9858009521 88.0993742318051
10264384045 10264384047 152.0944775454489
10264384045 10264384047 152.0944775454489
6742341897 1368046429 94.9837382505606
6742341898 1368046436 35.7947645972461
6758692739 1309626442 164.55629035958836
6758692740 5434484052 43.548782100932854
6758692740 6758692739 60.70777060929292
6761961053 5434484022 40.596123472494604
6965585184 450633478 8.659964498589463
6965585184 6720350039 780.5740717816165
6985955255 6985955256 49.453668181515496
6985955255 12284976682 9.167614877515252
6985955255 12097104464 9.145031054658258
6985955255 6985955256 49.453668181515496
6985955255 12097104464 9.145031054658258
6985955255 12284976682 9.167614877515252
6985955256 6985955255 49.453668181515496
6985955256 938409400 79.28649785333741
6985955256 6985955255 49.453668181515496
12284976682 6985955255 9.167614877515252
12284976682 6985955255 9.167614877515252
12097104464 6985955255 9.145031054658258
12097104464 6985955255 9.145031054658258
7048416704 395135138 154.54084219536114
7084322369 7084322370 9.243282773791147
7084322369 13083894304 15.21982941525339
7084322369 10289210648 55.8489067351235
7084322369 7084322370 9.243282773791147
7084322369 10289210648 55.84890673512351
7084322369 13083894304 15.21982941525339
7084322370 7084322369 9.243282773791147
7084322370 7084322369 9.243282773791147
7084322370 7084322382 36.08795023046352
7084322370 13083894310 45.3019194749253
7084322370 7084322382 36.08795023046352
7084322370 13083894310 45.3019194749253
13083894304 7084322369 15.21982941525339
13083894304 8400134770 84.73550954054916
13083894304 7084322369 15.21982941525339
13083894304 8400134770 84.73550954054916
10289210648 7084322369 55.8489067351235
10289210648 10289210647 52.0734501203717
10289210648 10289210647 52.0734501203717
10289210648 13083894311 72.3326654652881
10289210648 7084322369 55.84890673512351
10289210648 13083894311 72.3326654652881
7084322382 7084322370 36.08795023046352
7084322382 13083894311 35.77745367002522
7084322382 13083894310 20.62800918787695
7084322382 7084322370 36.08795023046352
7084322382 9874317374 164.24886895652475
7084322382 9874317374 164.24886895652475
7084322382 13083894310 20.62800918787695
7084322382 13083894311 35.77745367002522
13083894310 7084322370 45.3019194749253
13083894310 7084322382 20.62800918787695
13083894310 8400134770 37.58921075176316
13083894310 7084322382 20.62800918787695
13083894310 8400134770 37.58921075176316
13083894310 7084322370 45.3019194749253
13083894311 7084322382 35.77745367002522
13083894311 9179118834 31.460890373373186
13083894311 10289210648 72.3326654652881
13083894311 9179118834 31.460890373373186
13083894311 7084322382 35.77745367002522
13083894311 10289210648 72.3326654652881
9874317374 7084322382 164.24886895652475
9874317374 9179112328 37.855362926183986
9874317374 9179112328 37.855362926183986
9874317374 7084322382 164.24886895652475
7223006826 562591570 49.30996554209598
7223006826 7223006828 113.69101211789885
7223006826 7223006828 113.69101211789884
10262310971 7232925569 9.712157468172364
10262310971 10262310959 62.244744429319915
10262310971 10262310962 95.82991790724134
10262310971 7232925569 9.712157468172364
10262310971 10262310962 95.82991790724134
10262310971 10262310959 62.244744429319915
10262310953 7232925570 137.79751105769017
10262310953 10262310962 35.897293221367825
10262310953 7232925570 137.79751105769017
10262310953 10262310954 21.125177296612407
10262310953 10262310954 21.125177296612407
10262310953 10262310962 35.897293221367825
7247334403 9843224225 12.270023912553455
7247334403 9843353248 108.94038513529304
7247334403 9843224225 12.270023912553455
7247334403 9843353248 108.94038513529304
9843224225 7247334403 12.270023912553455
9843224225 7247334403 12.270023912553455
9843224225 13605042202 68.90852162467156
9843224225 13605042202 68.90852162467156
7262926243 267259282 7.600333989546307
7262926243 6742341898 165.33259102243903
12213881799 7471269551 70.13876955564722
12213881799 7471269551 70.13876955564722
13083894305 7471269551 24.20556827116212
13083894305 13083872097 14.612961784018326
13083894305 13083872097 14.612961784018326
13083894305 7471269551 24.20556827116212
13083894305 13083894307 94.75368918324527
13083894305 13083894307 94.75368918324527
8400134770 13083894304 84.73550954054916
8400134770 13083894310 37.58921075176316
8400134770 13083894304 84.73550954054916
8400134770 13083894310 37.58921075176316
8607089356 2934942134 13.006216800552133
8607089356 9874048003 164.2468414649451
9052026097 458640665 85.46655601944839
9052026097 9052026098 14.275336171363833
9052026098 8607089356 17.207733318493553
9179060002 9874317356 69.18512982888336
9179060002 9874317356 69.18512982888336
9874317356 9179060002 69.18512982888336
9874317356 9873910564 59.23509454883823
9874317356 9873910564 59.23509454883823
9874317356 9179060002 69.18512982888336
9179109964 9179109963 72.81211984583683
9179109964 10617616678 26.589228784527865
9179109964 9179109963 72.81211984583683
9179109964 9874283606 181.9424005125043
9179109964 9874283606 181.9424005125043
9179109964 10617616678 26.589228784527865
9874283606 9179109964 181.9424005125043
9874283606 9179109964 181.9424005125043
9873623160 9179109985 55.39888691436801
9873623160 9179109985 55.39888691436801
10255323283 9179112441 15.728663226688935
10255323283 9179112441 15.728663226688935
10255323283 12105677254 43.12271194255729
10255323283 12105677254 43.12271194255729
10254839122 9179112454 32.32908187063385
10254839122 9857987475 28.46120584517372
10254839122 10254839121 30.902799243054496
10254839122 9179112454 32.32908187063385
10254839122 9857987475 28.46120584517372
10254839122 10254839121 30.902799243054496
9179118824 9179118825 22.037255939992924
9179118824 9874317375 65.3168284968058
9179118824 9179118826 42.768964449159704
9179118824 9179118825 22.037255939992924
9179118824 9179118826 42.768964449159704
9179118824 9874317375 65.3168284968058
9179118825 9179118824 22.037255939992924
9179118825 9179118824 22.037255939992924
9874317375 9179118824 65.3168284968058
9874317375 9179118824 65.3168284968058
9179118826 9179118824 42.768964449159704
9179118826 9179118827 31.450249892535705
9179118826 9179118824 42.768964449159704
9179118826 9874317378 83.97842465735401
9179118826 9179118827 31.450249892535705
9179118826 9874317378 83.97842465735401
9179118827 9179118826 31.450249892535705
9179118827 9179118826 31.450249892535705
9179118833 9179118834 37.4231499324102
9179118833 9874317378 84.24025106130637
9179118833 9179118834 37.4231499324102
9179118833 9874317378 84.24025106130637
9179118834 9179118833 37.4231499324102
9179118834 13083872097 25.000797044580057
9179118834 13083894311 31.460890373373186
9179118834 13083894307 85.36403082821278
9179118834 9179118833 37.4231499324102
9179118834 13083872097 25.000797044580057
9179118834 13083894307 85.36403082821278
9179118834 13083894311 31.460890373373186
13083872097 9179118834 25.000797044580057
13083872097 13083894307 75.82633168330956
13083872097 13083894305 14.612961784018326
13083872097 9179118834 25.000797044580057
13083872097 13083894305 14.612961784018326
13083872097 13083894307 75.82633168330956
13083894307 9179118834 85.36403082821278
13083894307 10289210647 52.6729729433738
13083894307 13083872097 75.82633168330956
13083894307 13083894305 94.75368918324527
13083894307 10289210647 52.6729729433738
13083894307 13083872097 75.82633168330956
13083894307 9179118834 85.36403082821278
13083894307 13083894305 94.75368918324527
9179118871 9179118868 138.13622157901477
9179118871 10262384322 63.75515116780685
9179118871 10264255636 1.8599206096858965
9179118871 9179118868 138.13622157901477
9179118871 10262384322 63.75515116780685
9179118871 10264255636 1.8599206096858965
10264255636 9179118871 1.8599206096858965
10264255636 9179118876 11.372049379171347
10264255636 10264255635 37.98908325614796
10264255636 9179118871 1.8599206096858965
10264255636 9179118876 11.372049379171347
10264255636 10264255635 37.98908325614796
9179118872 10264255647 21.47891780657132
9179118872 3661513066 109.1729552122321
9179118872 10264255647 21.47891780657132
10264255647 9179118872 21.47891780657132
10264255647 10264255638 30.570763036884472
10264255647 10264255645 41.880628701091965
10264255647 9179118872 21.47891780657132
10264255647 10264255645 41.880628701091965
10264255647 10264255638 30.570763036884472
10264255634 9179118876 38.05931731590263
10264255634 10264255635 13.033952096857664
10264255634 9179118876 38.05931731590263
10264255634 10264255645 93.15082957017735
10264255634 10264255635 13.033952096857664
10264255634 10264255645 93.15082957017735
9186342836 5487506617 94.51422162759926
9186342839 9186342836 88.0543533212631
9186342839 9186342836 85.38819660736559
9195140172 5434484049 48.03704352961332
9195140172 5434484031 124.07501901011803
9212682321 5792664570 27.268406797476455
9212682329 9212682321 298.51806664265257
9212682340 5799663728 146.43442252433627
9234696669 1762944963 93.34745776059941
9234696669 12044622897 10.88965261433674
9234696669 12044622897 10.88965261433674
12044622897 9234696669 10.88965261433674
12044622897 9234696672 93.32020239118073
12044622897 9234696669 10.88965261433674
9579967710 267247468 16.608010184743172
9579967710 9579967713 211.94253791594633
9579967710 9579967713 211.94253791594636
9579967713 9579967710 211.94253791594633
9579967713 9579967710 211.94253791594636
9713061604 11015446883 173.38645732303164
9713061604 9843218529 187.91978103540788
9713061604 9713061606 119.22336427136099
9713061604 9713061606 119.22336427136099
9713061604 9843218529 187.91978103540785
9713061604 11015446883 173.3864573230316
9713061606 9713061604 119.22336427136099
9713061606 9713061604 119.22336427136099
9743073670 11980204992 37.20215398733065
9743073670 9794237542 5.989483283004422
9743073670 11980204972 4.078015173222118
9743073670 9794237542 5.989483283004422
9743073670 11980204972 4.078015173222118
9794237542 9743073670 5.989483283004422
9794237542 9843554412 73.18738554387997
9794237542 11980190350 5.495570326156298
9794237542 9743073670 5.989483283004422
9794237542 11980190350 5.495570326156298
11980204972 9743073670 4.078015173222118
11980204972 9743073670 4.078015173222118
9790022349 9794237530 158.798792545109
9790022349 10264542479 31.82297972120039
9790022349 10264542479 31.82297972120039
10264542479 9790022349 31.82297972120039
10264542479 11607465284 21.346919087763123
10264542479 9790022349 31.82297972120039
9794183554 4083435341 11.252059240249409
9794183554 10264334423 28.199114749194564
9794237530 7262926243 34.90146578751482
9794237531 249791934 48.888656456030674
9843555976 9794237535 189.74141656897984
9843555976 9843555974 73.28951386762883
9843555976 9843555974 73.28951386762883
9843555976 9843616382 27.412658217819835
9843555976 9794237535 189.74141656897987
9843555976 9843616382 27.412658217819835
9794237537 6720393108 20.226849479941077
11980190350 9794237542 5.495570326156298
11980190350 9794237542 5.495570326156298
9794237549 9794237551 18.987879507917654
9794237551 6351713174 8.593679086951685
9794237551 11980204980 54.86943057355709
9798119678 3947530960 19.125656534765703
9798119678 10274798174 23.240855469724057
9843212090 9843212091 73.32100182168857
9843212090 9843212091 73.32100182168857
9843212091 9843212090 73.32100182168857
9843212091 9843212090 73.32100182168857
9843212091 9843212108 26.42456854347773
9843212091 9843212105 64.79334000504645
9843212091 9843212105 64.79334000504645
9843212091 9843212108 26.42456854347773
9843212105 9843212091 64.79334000504645
9843212105 9843212092 58.263974084208535
9843212105 9843212094 18.241840118539272
9843212105 9843212092 58.263974084208535
9843212105 9843212094 18.241840118539272
9843212105 9843212091 64.79334000504645
9843212092 9843212105 58.263974084208535
9843212092 9843212105 58.263974084208535
9843212093 9843212094 57.35714196192188
9843212093 9843212094 57.35714196192188
9843212094 9843212093 57.35714196192188
9843212094 9843212093 57.35714196192188
9843212094 9843212096 22.38959551962284
9843212094 9843212105 18.241840118539272
9843212094 9843212096 22.38959551962284
9843212094 9843212105 18.241840118539272
9843212096 9843212094 22.38959551962284
9843212096 9843212095 55.221138902201425
9843212096 9843212095 55.221138902201425
9843212096 9843212098 19.02697368612985
9843212096 9843212094 22.38959551962284
9843212096 9843212098 19.02697368612985
9843212095 9843212096 55.221138902201425
9843212095 9843212096 55.221138902201425
9843212098 9843212096 19.02697368612985
9843212098 9843212097 52.92163646547831
9843212098 9843212097 52.92163646547831
9843212098 9843212096 19.02697368612985
9843212098 9843212099 70.69495092201653
9843212098 9843212099 70.69495092201653
9843212097 9843212098 52.92163646547831
9843212097 9843212098 52.92163646547831
9843212099 9843212098 70.69495092201653
9843212099 9843212098 70.69495092201653
9843212114 11015452663 15.962010043258624
9843212114 2715812712 39.09450540272041
9843212114 11015452663 15.962010043258624
11015452663 9843212114 15.962010043258624
11015452663 9843353240 13.287875173308494
11015452663 11015452662 56.99825269293142
11015452663 9843353240 13.287875173308494
11015452663 9843212114 15.962010043258624
11015452663 11015452662 56.99825269293142
9843218532 9843216008 58.00367332021867
9843218532 9843216014 89.33162001517599
9843218532 9843218529 91.78754643726852
9843218532 9843216014 89.33162001517599
9843218532 9843218529 91.78754643726852
9843218532 9843216008 58.00367332021867
9843218542 9843216008 71.47795625741327
9843218542 9843218543 63.461375622003786
9843218542 9843216008 71.47795625741327
9843218542 9843218556 36.47970869655586
9843218542 9843218543 63.461375622003786
9843218542 9843218556 36.47970869655586
9843216010 9843216009 62.17435532594257
9843216010 9843216009 62.17435532594257
9843216010 9843216011 39.666714380839664
9843216010 9843218550 15.012292074116464
9843216010 9843216011 39.666714380839664
9843216010 9843218550 15.012292074116464
9843216011 9843216009 97.73674019888367
9843216011 9843216010 39.666714380839664
9843216011 9843216012 52.41974228580833
9843216011 9843216013 28.76661946526299
9843216011 9843216010 39.666714380839664
9843216011 9843216009 97.73674019888367
9843216011 9843216012 52.41974228580833
9843216011 9843216013 28.76661946526299
9843216012 9843216011 52.41974228580833
9843216012 9843216011 52.41974228580833
9843218526 9843216013 53.86964913423538
9843218526 9843216013 53.86964913423538
9843216014 9843218532 89.33162001517599
9843216014 9843218532 89.33162001517599
9843218522 11006971222 24.372533565997806
9843218522 11015440232 54.459727129340955
9843218522 11006971219 148.23892556805242
9843218522 11006971219 148.23892556805242
9843218522 11006971222 24.372533565997806
9843218522 11015440232 54.459727129340955
11006971222 9843218522 24.372533565997806
11006971222 11006971219 171.8444979620051
11006971222 9843218522 24.372533565997806
11006971222 11015440233 99.84555946900139
11006971222 11006971219 171.84449796200508
11006971222 11015440233 99.84555946900139
11015440232 9843218522 54.459727129340955
11015440232 11015440233 27.268400768880035
11015440232 11015446883 70.99331477624271
11015440232 9843218522 54.459727129340955
11015440232 11015440233 27.268400768880035
11015440232 11015446883 70.99331477624271
9843218543 9843218542 63.461375622003786
9843218543 9843218544 28.697890946175846
9843218543 9843218548 22.42576185537375
9843218543 9843218542 63.461375622003786
9843218543 9843218544 28.697890946175846
9843218543 9843218548 22.42576185537375
9843218556 9843218542 36.47970869655586
9843218556 9843218542 36.47970869655586
9843218544 9843218543 28.697890946175846
9843218544 9843218543 28.697890946175846
9843218544 9843218545 28.927499953973218
9843218544 9843218546 10.362125039666566
9843218544 9843218547 20.999609131293976
9843218544 9843218545 28.927499953973218
9843218544 9843218546 10.362125039666566
9843218544 9843218547 20.999609131293976
9843218548 9843218543 22.42576185537375
9843218548 9843218547 27.933767681404944
9843218548 9843218547 27.933767681404944
9843218548 9843218550 23.40045689675649
9843218548 9843218543 22.42576185537375
9843218548 9843218550 23.40045689675649
9843218545 9843218544 28.927499953973218
9843218545 9843218544 28.927499953973218
9843218546 9843218544 10.362125039666566
9843218546 9843218544 10.362125039666566
9843218547 9843218544 20.999609131293976
9843218547 9843218544 20.999609131293976
9843218547 9843218548 27.933767681404944
9843218547 9843218549 37.692132303433134
9843218547 9843218548 27.933767681404944
9843218547 9843218549 37.692132303433134
9843218549 9843218547 37.692132303433134
9843218549 4234992498 23.890479820495944
9843218549 9843218547 37.692132303433134
13605042203 9843224224 57.28369209640415
13605042203 9843224224 57.28369209640415
13605042202 9843224225 68.90852162467156
13605042202 9843224225 68.90852162467156
9843268845 9843268849 70.5777748424492
9843268845 9843268849 70.5777748424492
9843268849 9843268845 70.5777748424492
9843268849 9843268845 70.5777748424492
9843268849 9843268850 49.989767781256724
9843268849 9843268854 91.2513238975968
9843268849 9843268850 49.989767781256724
9843268849 9843268854 91.2513238975968
9843268850 9843268849 49.989767781256724
9843268850 9843268849 49.989767781256724
9843274051 345234455 12.18838443106638
12488276426 9843274057 239.69383577681663
12488276426 9843274057 239.6938357768166
9843353250 9843353248 171.15801924863476
9843353250 9843353248 171.15801924863476
9843486079 10262239804 33.7716485782815
9843486079 9843554414 63.38559038289948
9843486079 9843486080 80.81993482236965
9843486079 9843486081 72.78631276904679
9843486079 9843486080 80.81993482236965
9843486079 9843486081 72.78631276904679
9843486079 9843554414 63.38559038289948
9843486079 10262239804 33.7716485782815
9843554414 9843486079 63.38559038289948
9843554414 9843486079 63.38559038289948
9843486081 9843486079 72.78631276904679
9843486081 10262239803 35.03961491894246
9843486081 9843486079 72.78631276904679
9843486081 10262239803 35.03961491894246
9843524735 9843524727 22.176092486679927
9843524735 9843524727 22.176092486679927
9843524735 10262239777 9.226963762238599
9843524735 10262239777 9.226963762238599
9843554406 10262211496 24.70848626377891
9843554406 10262211496 24.70848626377891
10262211496 9843554406 24.70848626377891
10262211496 9843554407 27.728159384646297
10262211496 10262211495 29.26173752167239
10262211496 9843554406 24.70848626377891
10262211496 9843554407 27.728159384646297
10262211496 10262211497 32.433227154862095
10262211496 10262211495 29.26173752167239
10262211496 10262211497 32.433227154862095
9843554407 10262211496 27.728159384646297
9843554407 9843554408 45.230233630100635
9843554407 9843554412 45.1218663415665
9843554407 9843554408 45.230233630100635
9843554407 9843554412 45.1218663415665
9843554407 10262211496 27.728159384646297
9843554408 9843554407 45.230233630100635
9843554408 9843554407 45.230233630100635
9843554412 9843554407 45.1218663415665
9843554412 10225136820 93.63059583783902
9843554412 9843554413 6.012585034935657
9843554412 9843554407 45.1218663415665
9843554412 9843554413 6.012585034935657
9843554413 9843554412 6.012585034935657
9843554413 9743073670 72.77153911790653
9843554413 9843554412 6.012585034935657
9843555974 9843555976 73.28951386762883
9843555974 9843616381 27.086042801128986
9843555974 10264764673 124.23851057546372
9843555974 9843555976 73.28951386762883
9843555974 9843616381 27.086042801128986
9843555974 10264764673 124.2385105754637
9843616381 9843555974 27.086042801128986
9843616381 9843555975 52.302488051033485
9843616381 9843616380 143.6003911544719
9843616381 9843555974 27.086042801128986
9843616381 9843555975 52.302488051033485
9843616381 9843616382 75.66890956757176
9843616381 9843616380 143.60039115447188
9843616381 9843616382 75.66890956757176
9843555975 9843555977 73.76184594564937
9843555975 9843616381 52.302488051033485
9843555975 9843555978 172.1577748437125
9843555975 9843555977 73.76184594564937
9843555975 9843555978 172.1577748437125
9843555975 9843616381 52.302488051033485
9843616382 9843555976 27.412658217819835
9843616382 9843555977 51.80720200879549
9843616382 9843616381 75.66890956757176
9843616382 9843555976 27.412658217819835
9843616382 9843555977 51.80720200879549
9843616382 9843616381 75.66890956757176
14001945360 9843555978 7.805943429807924
14001945360 9843555978 7.805943429807924
9843579519 9843579526 109.3613191055792
9843579519 9843579525 115.75484118919444
9843579519 9843579525 115.75484118919444
9843579525 9843579519 115.75484118919444
9843579525 9843579523 126.71015660394986
9843579525 9843579526 19.091256990491033
9843579525 9843579527 31.96182695305003
9843579525 9843579523 126.71015660394986
9843579525 9843579519 115.75484118919444
9843579525 9843579526 19.091256990491033
9843579525 9843579527 31.96182695305003
9843579523 9843579524 30.109253401652083
9843579523 11015452662 186.6247840324121
9843579523 9843579525 126.71015660394986
9843579523 9843579524 30.109253401652083
9843579523 9843579525 126.71015660394986
9843579523 11015452662 186.6247840324121
9843579526 9843579525 19.091256990491033
9843579526 9843579525 19.091256990491033
9843579526 2431986321 312.19211563158
9843616380 9843616381 143.6003911544719
9843616380 9843616381 143.60039115447188
9857860395 9857860386 41.58757162859183
9857860395 9857860386 41.58757162859183
9857860395 6436650499 211.8125377608236
10230413735 9857860386 137.64530611555614
10230413735 10230413737 49.99041534737748
10230413735 9857860386 137.64530611555617
10230413735 11002611455 43.69029932509821
10230413735 10230413737 49.99041534737748
10230413735 11002611455 43.69029932509821
10262384320 9857860410 76.16021667273523
10262384320 9859502222 34.32056677956077
10262384320 9859502222 34.32056677956077
10262384320 10262384321 35.37974472033254
10262384320 9857860410 76.16021667273523
10262384320 10262384321 35.37974472033254
10239800530 9857987460 81.68758389179013
10239800530 9857987460 81.68758389179013
9857987475 10254839122 28.46120584517372
9857987475 9857987478 30.113544528911824
9857987475 9857987478 30.113544528911824
9857987475 10254839122 28.46120584517372
9857987478 9857987475 30.113544528911824
9857987478 9857987475 30.113544528911824
9857987478 9857987481 19.96805647128894
9857987478 10254839121 28.430125032105195
9857987478 9857987481 19.96805647128894
9857987478 10254839121 28.430125032105195
9858009521 10264384045 88.0993742318051
9858009521 11939765551 308.71422402878227
9858009521 10264384043 35.886506699635206
9858009521 10264384043 35.88650669963521
9858009521 10264384045 88.0993742318051
9858009521 11939765551 308.7142240287823
11939765551 9858009521 308.71422402878227
11939765551 9858009521 308.7142240287823
10264384043 9858009521 35.886506699635206
10264384043 10264384042 27.48121070255154
10264384043 10264384042 27.48121070255154
10264384043 10264384044 40.40328644042641
10264384043 9858009521 35.88650669963521
10264384043 10264384044 40.40328644042641
9859502221 9859502222 61.140393112363824
9859502221 9859502222 61.140393112363824
9860744486 5681296951 20.735054968566256
9860744486 12865950987 10.21936366410678
9873623154 9873623151 42.63024539994036
9873623154 9873623151 42.63024539994036
9873655598 9873655600 64.39140434169708
9873655598 9873655600 64.39140434169708
13683334003 9873655600 88.38816431897956
13683334003 9873655600 88.38816431897956
13683334003 1802509331 79.23861062878802
9873677661 9873677665 47.349753634725815
9873677661 9873677665 47.34975363472582
9873910564 9873910569 42.42653219918862
9873910564 9874317356 59.23509454883823
9873910564 9873910565 70.45695358004895
9873910564 9873910565 70.45695358004895
9873910564 9873910569 42.42653219918862
9873910564 9874317356 59.23509454883823
9873910565 9873910564 70.45695358004895
9873910565 9873910564 70.45695358004895
9873910565 9873910567 40.34888308151653
9873910565 9873910567 40.34888308151653
9873910567 9873910565 40.34888308151653
9873910567 9873910565 40.34888308151653
9873910567 9873910568 32.18585687645631
9873910567 11024569727 11.866848191927744
9873910567 9873910568 32.18585687645631
9873910567 11024569727 11.866848191927744
9873910568 9873910567 32.18585687645631
9873910568 9873910567 32.18585687645631
9873910568 6439081881 26.185713037987572
11024569727 9873910567 11.866848191927744
11024569727 9873910569 59.21059937267746
11024569727 9873910569 59.21059937267746
11024569727 9873910567 11.866848191927744
11024569727 11024569728 29.756685052829596
11024569727 11024569728 29.756685052829596
9873910593 5681296960 145.65833396411713
9873910593 9873910595 166.8470800952817
9873910593 9873910595 166.8470800952817
9873910595 9873910593 166.8470800952817
9873910595 5681296960 37.46709069614711
9873910595 9873910593 166.8470800952817
9874048003 2934942134 164.7524730049879
12097109466 9874066836 179.66554365448798
12097109466 9874066836 179.66554365448798
13371424373 9874317357 205.70631385183106
13371424373 9874317357 205.70631385183106
9880451646 249783257 144.50941508440732
11002611455 10230413735 43.69029932509821
11002611455 10230413735 43.69029932509821
10246421063 10246421064 40.5381532361782
10246421063 249782331 126.92169479879992
10246421063 10246421064 40.5381532361782
10246421064 10246421063 40.5381532361782
10246421064 10246421063 40.5381532361782
10255323278 12105677254 7.845472476811775
10255323278 10255323282 11.135435415755554
10255323278 10255323282 11.135435415755554
10255323278 12105677254 7.845472476811775
10255323282 10255323278 11.135435415755554
10255323282 10255323278 11.135435415755554
10262211493 10262211495 26.53415503217328
10262211493 10262211495 26.53415503217328
10262211495 10262211493 26.53415503217328
10262211495 10262211500 7.853241256563819
10262211495 10262211493 26.53415503217328
10262211495 10262211496 29.26173752167239
10262211495 10262211496 29.26173752167239
10262211495 10262211500 7.853241256563819
10262211494 10262211500 16.371127707411983
10262211494 10262211500 16.371127707411983
10262211500 10262211494 16.371127707411983
10262211500 10262211495 7.853241256563819
10262211500 10262211494 16.371127707411983
10262211500 10262211495 7.853241256563819
10262211500 10262211501 30.615384137035168
10262211500 10262211501 30.615384137035168
10262211497 10262211496 32.433227154862095
10262211497 10262211496 32.433227154862095
10262211501 10262211498 46.47430286826545
10262211501 10262211499 19.71428110027634
10262211501 10262211500 30.615384137035168
10262211501 10262211499 19.71428110027634
10262211501 10262211500 30.615384137035168
10262211501 10262211498 46.47430286826545
10262211499 10262211501 19.71428110027634
10262211499 10262211501 19.71428110027634
10262239780 10262239775 30.818625819865474
10262239780 10262239784 28.14404159665353
10262239780 10262239775 30.818625819865474
10262239780 10262239781 51.10747107799822
10262239780 10262239781 51.10747107799822
10262239780 10262239784 28.14404159665353
10262239776 10262239782 61.41919324935549
10262239776 10262239778 39.17430585353017
10262239776 10262239777 27.156051925556866
10262239776 10262239777 27.156051925556866
10262239776 10262239778 39.17430585353017
10262239776 10262239782 61.41919324935549
10262239782 10262239776 61.41919324935549
10262239782 10262239776 61.41919324935549
10262239782 10262239784 12.220551772612165
10262239782 10262239783 51.214824910268185
10262239782 10262239783 51.214824910268185
10262239782 10262239784 12.220551772612165
10262239778 10262239776 39.17430585353017
10262239778 10262239776 39.17430585353017
10262239781 10262239779 32.3591321673803
10262239781 10262239780 51.10747107799822
10262239781 10262239785 28.56849820647364
10262239781 10262239779 32.3591321673803
10262239781 10262239780 51.10747107799822
10262239781 10262239785 28.56849820647364
10262239784 10262239780 28.14404159665353
10262239784 10262239782 12.220551772612165
10262239784 10262239782 12.220551772612165
10262239784 10262239780 28.14404159665353
10262239784 10262239785 51.272982307128046
10262239784 10262239785 51.272982307128046
10262239785 10262239781 28.56849820647364
10262239785 10262239783 8.408138777921012
10262239785 10262239784 51.272982307128046
10262239785 10262239783 8.408138777921012
10262239785 10262239781 28.56849820647364
10262239785 10262239784 51.272982307128046
10262239805 10262239804 59.90594149929717
10262239805 10262239804 59.90594149929717
10262310962 10262310953 35.897293221367825
10262310962 10262310953 35.897293221367825
10262310962 10262310963 20.29273164009769
10262310962 10262310971 95.82991790724134
10262310962 10262310963 20.29273164009769
10262310962 10262310971 95.82991790724134
10262310954 10262310953 21.125177296612407
10262310954 10262310953 21.125177296612407
10262310954 10262310964 18.869684002599048
10262310954 10262310959 190.5858951640372
10262310954 10262310959 190.58589516403723
10262310954 10262310964 18.869684002599048
10262310964 10262310954 18.869684002599048
10262310964 10262310963 16.755544474266014
10262310964 10262310963 16.755544474266014
10262310964 10262310954 18.869684002599048
10262310964 10262310965 34.10616349542006
10262310964 10262310965 34.10616349542006
10262310959 10262310954 190.5858951640372
10262310959 10262310960 51.622942413053245
10262310959 10262310954 190.58589516403723
10262310959 10262310971 62.244744429319915
10262310959 10262310960 51.622942413053245
10262310959 10262310971 62.244744429319915
10262310960 10262310959 51.622942413053245
10262310960 10262310959 51.622942413053245
10262310960 10262310966 38.43356822003307
10262310960 10262310963 8.398070461554012
10262310960 10262310963 8.398070461554012
10262310960 10262310966 38.43356822003307
10262310966 10262310960 38.43356822003307
10262310966 10262310960 38.43356822003307
10262310963 10262310960 8.398070461554012
10262310963 10262310962 20.29273164009769
10262310963 10262310962 20.29273164009769
10262310963 10262310964 16.755544474266014
10262310963 10262310960 8.398070461554012
10262310963 10262310964 16.755544474266014
10262310965 10262310964 34.10616349542006
10262310965 10262310964 34.10616349542006
10262384321 10262384320 35.37974472033254
10262384321 10262384320 35.37974472033254
10262384324 10262384322 22.195113910264332
10262384324 10262384323 114.10717148747196
10262384324 10262384323 114.10717148747196
10262384324 10262384322 22.195113910264332
10262384324 10262384326 17.322870817769733
10262384324 10262384326 17.322870817769733
10262384326 10262384324 17.322870817769733
10262384326 10262384325 22.927227295766432
10262384326 10262384325 22.927227295766432
10262384326 10262384324 17.322870817769733
10262384326 10262384332 4.228046109779657
10262384326 10262384332 4.228046109779657
10262384325 10262384326 22.927227295766432
10262384325 10262384326 22.927227295766432
10262384332 10262384326 4.228046109779657
10262384332 10262384336 3.2072885397651767
10262384332 10262384326 4.228046109779657
10262384332 10262384333 71.92704498122005
10262384332 10262384333 71.92704498122005
10262384332 10262384336 3.2072885397651767
10262384336 10262384332 3.2072885397651767
10262384336 10262384333 5.594209305134217
10262384336 10262384333 17.099694854691858
10262384336 10262384333 5.594209305134217
10262384336 10262384333 17.099694854691858
10262384336 10262384332 3.2072885397651767
10262384333 10262384332 71.92704498122005
10262384333 10262384336 5.594209305134217
10262384333 10262384336 17.099694854691858
10262384333 10262384332 71.92704498122005
10262384333 10262384336 5.594209305134217
10262384333 10262384336 17.099694854691858
10264255660 10264219701 26.462043025305412
10264255660 10264255657 27.752829903661777
10264255660 10264219701 26.462043025305412
10264255660 10264255661 23.805136125167852
10264255660 10264255657 27.752829903661777
10264255660 10264255661 23.805136125167852
10264290719 10264219701 76.80838567638322
10264290719 10264219706 17.573922266128296
10264290719 10264290718 9.063642069822537
10264290719 10264290718 9.063642069822537
10264290719 10264219706 17.573922266128296
10264290719 10264219701 76.80838567638324
10264219706 10264290719 17.573922266128296
10264219706 10264290719 17.573922266128296
10264255630 10264255637 25.841789996847606
10264255630 10264255637 25.841789996847606
10264255637 10264255630 25.841789996847606
10264255637 10264255642 50.69198129049957
10264255637 10264255630 25.841789996847606
10264255637 10264255638 64.91379136968425
10264255637 10264255638 64.91379136968425
10264255637 10264255642 50.69198129049957
10264255632 10264255635 66.13624560696255
10264255632 10264255633 17.311962192428464
10264255632 10264255642 81.62426810983189
10264255632 10264255633 17.311962192428464
10264255632 10264255635 66.13624560696255
10264255632 10264255642 81.62426810983189
10264255635 10264255632 66.13624560696255
10264255635 10264255634 13.033952096857664
10264255635 10264255634 13.033952096857664
10264255635 10264255632 66.13624560696255
10264255635 10264255636 37.98908325614796
10264255635 10264255636 37.98908325614796
10264255633 10264255632 17.311962192428464
10264255633 10264255632 17.311962192428464
10264255633 3661513068 35.90096421014378
10264255642 10264255632 81.62426810983189
10264255642 10264255637 50.69198129049957
10264255642 10264255641 16.37839092832601
10264255642 10264255637 50.69198129049957
10264255642 10264255643 65.71800815212913
10264255642 10264255641 16.37839092832601
10264255642 10264255632 81.62426810983189
10264255642 10264255643 65.71800815212913
10264255645 10264255634 93.15082957017735
10264255645 10264255644 22.632810129087495
10264255645 10264255644 22.632810129087495
10264255645 10264255634 93.15082957017735
10264255645 10264255647 41.880628701091965
10264255645 10264255647 41.880628701091965
10264255638 10264255637 64.91379136968425
10264255638 10264255644 34.54377100953337
10264255638 10264255637 64.91379136968425
10264255638 10264255647 30.570763036884472
10264255638 10264255644 34.54377100953337
10264255638 10264255647 30.570763036884472
10264255644 10264255638 34.54377100953337
10264255644 10264255643 16.297547983083184
10264255644 10264255643 16.297547983083184
10264255644 10264255638 34.54377100953337
10264255644 10264255645 22.632810129087495
10264255644 10264255645 22.632810129087495
10264255640 10264255643 55.172625088210694
10264255640 10264255643 55.172625088210694
10264255643 10264255640 55.172625088210694
10264255643 10264255642 65.71800815212913
10264255643 10264255644 16.297547983083184
10264255643 10264255642 65.71800815212913
10264255643 10264255640 55.172625088210694
10264255643 10264255644 16.297547983083184
10264255641 10264255633 81.81453639698302
10264255641 10264255642 16.37839092832601
10264255641 10264255642 16.37839092832601
10264255651 10264255649 26.740199833479007
10264255651 10264255654 27.58578289141354
10264255651 10264255649 26.740199833479007
10264255651 10264255653 29.766026772949488
10264255651 10264255653 29.766026772949488
10264255651 10264255654 27.58578289141354
10264255650 10264255649 33.234909391965786
10264255650 10264255649 33.234909391965786
10264255654 10264255651 27.58578289141354
10264255654 10264255657 24.45900896323041
10264255654 10264255651 27.58578289141354
10264255654 10264255656 36.812611232015755
10264255654 10264255656 36.812611232015755
10264255654 10264255657 24.45900896323041
10264255653 10264255651 29.766026772949488
10264255653 10264255651 29.766026772949488
10264255657 10264255654 24.45900896323041
10264255657 10264255654 24.45900896323041
10264255657 10264255660 27.752829903661777
10264255657 10264255659 48.34582313002771
10264255657 10264255659 48.34582313002771
10264255657 10264255660 27.752829903661777
10264255656 10264255654 36.812611232015755
10264255656 10264255654 36.812611232015755
10264255659 10264255657 48.34582313002771
10264255659 10264255657 48.34582313002771
10264255661 10264255660 23.805136125167852
10264255661 10264255660 23.805136125167852
10264290718 10264290717 26.5238276271348
10264290718 10264290717 26.5238276271348
10264290718 10264290719 9.063642069822537
10264290718 10264290722 29.34833259373535
10264290718 10264290719 9.063642069822537
10264290718 10264290722 29.34833259373535
10264290722 10264290718 29.34833259373535
10264290722 10264290718 29.34833259373535
10264290726 10264290723 53.6921956961542
10264290726 10264290723 53.6921956961542
10264384056 10264318164 17.883313099407523
10264384056 10264384052 51.188195628892686
10264384056 10264384054 87.08117059061139
10264384056 10264384052 51.188195628892686
10264384056 10264318164 17.883313099407523
10264384056 10264384054 87.08117059061139
10264318165 10264318164 58.453815102209575
10264318165 10264318164 58.453815102209575
10264328244 267249954 12.011835501016904
10264328244 10264328243 26.74627203689582
10264334421 9794183554 35.07325765070698
10264334421 10264334423 43.598505066819
10264334421 10264334423 43.598505066819
10264334423 10264334421 43.598505066819
10264334423 9794183553 36.59268516881865
10264334423 10264334421 43.598505066819
10264334424 267249927 395.90944844996574
10264384044 10264384043 40.40328644042641
10264384044 10264384043 40.40328644042641
10264384047 10264384045 152.0944775454489
10264384047 10264384045 152.0944775454489
10264384048 10264384051 23.89277967654984
10264384048 10264384051 23.89277967654984
10264384051 10264384048 23.89277967654984
10264384051 10264384050 42.22805270749002
10264384051 11939765550 24.87293860370379
10264384051 10264384048 23.89277967654984
10264384051 10264384050 42.22805270749002
10264384051 11939765550 24.87293860370379
10264384050 10264384051 42.22805270749002
10264384050 10264384051 42.22805270749002
11939765550 10264384051 24.87293860370379
11939765550 10264384051 24.87293860370379
11939765550 11939765551 10.380472252448095
10264384054 10264384052 35.831282103339106
10264384054 10264384053 40.16925578787536
10264384054 10264384053 40.16925578787536
10264384054 10264384052 35.831282103339106
10264384054 10264384056 87.08117059061139
10264384054 10264384056 87.08117059061139
10264384053 10264384054 40.16925578787536
10264384053 10264384054 40.16925578787536
10264640759 267259280 57.970058100234965
10264640759 10264640761 116.04681115665653
10264640759 10264640761 116.04681115665653
10264640761 10264640759 116.04681115665653
10264640761 10264640759 116.04681115665653
10264741989 10264741988 148.52377991123404
10264741989 10264741988 148.52377991123404
10264764670 6720393130 65.04565050268761
10264764670 10264764673 85.1606133676328
10264764670 10264764673 85.16061336763282
10273081180 10273081181 7.643025868339677
10273081180 9212659809 107.22579249454458
10273081180 10273081181 7.643025868339677
10273081181 10273081180 7.643025868339677
10273081181 10273081180 7.643025868339677
10273081181 249786900 308.9846744667047
10274798166 11778278947 64.19783720508863
10274798170 432874004 29.288633377394476
10274798170 10274798166 39.04776600805032
10274798171 9798119678 32.97097238585063
10274798171 10274798174 41.74082030750682
10274798171 10274798174 41.74082030750682
10274798174 10274798171 41.74082030750682
10274798174 10274798171 41.74082030750682
10274798174 450631313 394.8072261383936
10289210647 10289210645 52.79111582756819
10289210647 10289210648 52.0734501203717
10289210647 13083894307 52.6729729433738
10289210647 10289210645 52.79111582756819
10289210647 10289210648 52.0734501203717
10289210647 13083894307 52.6729729433738
10617616680 10617616678 203.79736288518862
10617616680 10617616678 203.79736288518862
10993933837 10993933834 37.03381009431618
10993933837 10993933834 37.03381009431618
10994014906 10994014909 58.45670627394194
10994014906 10994014909 58.45670627394195
11015440233 11006971222 99.84555946900139
11015440233 11015440232 27.268400768880035
11015440233 11015440232 27.268400768880035
11015440233 11006971222 99.84555946900139
11015440233 11015440236 32.81765648069277
11015440233 11015440236 32.81765648069277
11015440236 11015440233 32.81765648069277
11015440236 11015440233 32.81765648069277
11015635322 11015635309 42.04850479127511
11015635322 11015635309 42.04850479127511
11015635322 11015635323 70.35237860767907
11015635322 11015635324 35.56788877844798
11015635322 11015635323 70.35237860767907
11015635322 11015635324 35.56788877844798
11015635312 345234460 91.08185149368924
11015635312 11015635313 43.46924107073875
11015635312 11015635313 43.46924107073875
11015635313 11015635312 43.46924107073875
11015635313 11015635317 33.489192530483464
11015635313 11015635312 43.46924107073875
11015635313 11015635316 84.90717766387031
11015635313 11015635316 84.90717766387031
11015635313 11015635317 33.489192530483464
11015635317 11015635313 33.489192530483464
11015635317 11015635316 62.350868543034345
11015635317 11015635313 33.489192530483464
11015635317 11015635316 62.350868543034345
11015635317 11015635326 33.63745106655102
11015635317 11015635326 33.63745106655102
11015635316 11015635313 84.90717766387031
11015635316 11015635317 62.350868543034345
11015635316 11015635313 84.90717766387031
11015635316 11015635318 36.02592710677921
11015635316 11015635317 62.350868543034345
11015635316 11015635318 36.02592710677921
11015635318 11015635316 36.02592710677921
11015635318 11015635326 64.58921548575815
11015635318 11015635325 30.918196985971516
11015635318 11015635316 36.02592710677921
11015635318 11015635325 30.918196985971516
11015635318 11015635326 64.58921548575815
11015635326 11015635317 33.63745106655102
11015635326 11015635318 64.58921548575815
11015635326 11015635324 34.37912817105531
11015635326 11015635324 34.37912817105531
11015635326 11015635318 64.58921548575815
11015635326 11015635317 33.63745106655102
11015635325 11015635318 30.918196985971516
11015635325 11015635323 26.799424954098143
11015635325 11015635324 66.78635736060401
11015635325 11015635324 66.78635736060401
11015635325 11015635323 26.799424954098143
11015635325 11015635318 30.918196985971516
11015635323 11015635321 48.13033983468636
11015635323 11015635322 70.35237860767907
11015635323 11015635322 70.35237860767907
11015635323 11015635321 48.13033983468636
11015635323 11015635325 26.799424954098143
11015635323 11015635325 26.799424954098143
11015635324 11015635322 35.56788877844798
11015635324 11015635326 34.37912817105531
11015635324 11015635325 66.78635736060401
11015635324 11015635322 35.56788877844798
11015635324 11015635325 66.78635736060401
11015635324 11015635326 34.37912817105531
11024569728 11024569727 29.756685052829596
11024569728 11024569727 29.756685052829596
11024823775 11024823774 42.35965465029612
11024823775 11024823774 42.35965465029612
11301690339 11301690340 10.222462093951576
11301690339 267249912 154.8131524613286
11301690339 11301690340 10.222462093951576
11301690340 11301690339 10.222462093951576
11301690340 11301690339 10.222462093951576
11301690340 3661513066 9.478910222568167
11301690340 11301690347 519.1280802033582
11462925576 395135103 21.659735293644584
11462925576 11462925584 146.3135506852317
11462925576 11462925584 146.31355068523172
11462925584 11462925576 146.3135506852317
11462925584 11462925576 146.31355068523172
11607465284 9790022349 22.749076657964995
11726690852 6437796373 45.50332740345558
11726690852 13018550234 14.402487961803773
11778278947 11778278948 9.562426160491016
11778278947 9798119674 34.24382825518984
11778278947 11778278948 9.562426160491016
11801983080 9794237549 10.79826807873364
11801983080 1271972179 120.88639707225457
11841197775 1763864248 10.430816657025616
11939765548 11607465284 8.476332164132645
11939765548 11939765549 125.21594044444949
11980204973 11980204980 7.2457097329215685
11980204973 11980204980 7.2457097329215685
11980204980 11980204973 7.2457097329215685
11980204980 11980204981 6.276680167885639
11980204980 11980204973 7.2457097329215685
11980204980 11980204989 67.14641734802944
11980204980 11980204981 6.276680167885639
11980204981 11980204980 6.276680167885639
11980204981 11980204980 6.276680167885639
11980204981 6351713174 49.3178283414791
11980204989 9794237542 37.831887049968024
11980204989 11980204992 6.018712197992329
11980204989 11980204992 6.018712197992329
11980204992 11980204989 6.018712197992329
11980204992 11980204989 6.018712197992329
11980204992 943560221 55.58306319301735
12097013220 267197828 8.500691314193539
12097013220 267197815 456.7001573022324
12097013221 12097013220 8.151662284613055
12097013221 6153253285 61.68671587620608
12097104465 12865950983 23.22556991066071
12097104465 12865950983 23.22556991066071
12865950983 12097104465 23.22556991066071
12865950983 12097104465 23.22556991066071
12865950983 9860744486 11.265216684398585
12145877138 12145877145 8.325346379048641
12145877138 5434483914 33.47172609716657
12145877139 12145877142 7.644533058420566
12145877139 5792664560 27.59214850454556
12145877142 12145877138 8.922471449578827
12145877142 5434484022 37.5414764080101
12145877145 12145877139 9.187149094366857
12145877145 2946891535 66.7786444931995
12744307258 11939765548 6.707156012415974
12744307258 11607465286 90.53580100156827
12816056486 12816056487 10.37078896037122
12816056486 4083436490 47.82046461741517
12816056486 12816056487 10.37078896037122
12816056487 12816056486 10.37078896037122
12816056487 12816056486 10.37078896037122
12816056487 1191294833 96.31166393252553
12836557588 267247460 126.18259934221742
12836557588 12836557589 43.3731977442105
12836557588 12836557589 43.3731977442105
12865950987 6439020983 36.9178447966906
12865950987 13087429776 9.323868255270403
13087429776 6439021690 36.273424609053706
13087429776 5681296956 10.737571777181394
13564369581 13564369596 325.331510698035
13564369581 13564369596 325.331510698035
13927682257 13927682234 42.28313555372958
13927682257 13927682234 42.28313555372958
13927682262 13927682234 31.93786132955893
13927682262 13927682234 31.93786132955893
14001945380 14001945385 10.87858846535615
14001945380 267259256 284.56977247604925
14001945380 14001945385 10.87858846535615
14001945385 14001945380 10.87858846535615
14001945385 14001945380 10.87858846535615
14001945383 14001945384 10.990397969249894
14001945383 14001945380 87.31100254211195
14001945383 14001945384 10.990397969249894
14001945384 14001945383 10.990397969249894
14001945384 14001945383 10.990397969249894
